--
-- PostgreSQL database dump
--

\restrict 4pw9ITEj3uJv3JbGA22B5mfHny4nFDvwXKVLeYRtLgOZZrXZypc2PePNnIpbCuH

-- Dumped from database version 17.2 (Ubuntu 17.2-1.pgdg24.04+1)
-- Dumped by pg_dump version 18.0 (Ubuntu 18.0-1.pgdg24.04+3)

SET statement_timeout = 0;
SET lock_timeout = 0;
SET idle_in_transaction_session_timeout = 0;
SET transaction_timeout = 0;
SET client_encoding = 'UTF8';
SET standard_conforming_strings = on;
SELECT pg_catalog.set_config('search_path', '', false);
SET check_function_bodies = false;
SET xmloption = content;
SET client_min_messages = warning;
SET row_security = off;

SET default_tablespace = '';

SET default_table_access_method = heap;

--
-- Name: auth_group; Type: TABLE; Schema: public; Owner: bgaapp
--

CREATE TABLE public.auth_group (
    id integer NOT NULL,
    name character varying(150) NOT NULL
);


ALTER TABLE public.auth_group OWNER TO bgaapp;

--
-- Name: auth_group_id_seq; Type: SEQUENCE; Schema: public; Owner: bgaapp
--

ALTER TABLE public.auth_group ALTER COLUMN id ADD GENERATED BY DEFAULT AS IDENTITY (
    SEQUENCE NAME public.auth_group_id_seq
    START WITH 1
    INCREMENT BY 1
    NO MINVALUE
    NO MAXVALUE
    CACHE 1
);


--
-- Name: auth_group_permissions; Type: TABLE; Schema: public; Owner: bgaapp
--

CREATE TABLE public.auth_group_permissions (
    id bigint NOT NULL,
    group_id integer NOT NULL,
    permission_id integer NOT NULL
);


ALTER TABLE public.auth_group_permissions OWNER TO bgaapp;

--
-- Name: auth_group_permissions_id_seq; Type: SEQUENCE; Schema: public; Owner: bgaapp
--

ALTER TABLE public.auth_group_permissions ALTER COLUMN id ADD GENERATED BY DEFAULT AS IDENTITY (
    SEQUENCE NAME public.auth_group_permissions_id_seq
    START WITH 1
    INCREMENT BY 1
    NO MINVALUE
    NO MAXVALUE
    CACHE 1
);


--
-- Name: auth_permission; Type: TABLE; Schema: public; Owner: bgaapp
--

CREATE TABLE public.auth_permission (
    id integer NOT NULL,
    name character varying(255) NOT NULL,
    content_type_id integer NOT NULL,
    codename character varying(100) NOT NULL
);


ALTER TABLE public.auth_permission OWNER TO bgaapp;

--
-- Name: auth_permission_id_seq; Type: SEQUENCE; Schema: public; Owner: bgaapp
--

ALTER TABLE public.auth_permission ALTER COLUMN id ADD GENERATED BY DEFAULT AS IDENTITY (
    SEQUENCE NAME public.auth_permission_id_seq
    START WITH 1
    INCREMENT BY 1
    NO MINVALUE
    NO MAXVALUE
    CACHE 1
);


--
-- Name: auth_user; Type: TABLE; Schema: public; Owner: bgaapp
--

CREATE TABLE public.auth_user (
    id integer NOT NULL,
    password character varying(128) NOT NULL,
    last_login timestamp with time zone,
    is_superuser boolean NOT NULL,
    username character varying(150) NOT NULL,
    first_name character varying(150) NOT NULL,
    last_name character varying(150) NOT NULL,
    email character varying(254) NOT NULL,
    is_staff boolean NOT NULL,
    is_active boolean NOT NULL,
    date_joined timestamp with time zone NOT NULL
);


ALTER TABLE public.auth_user OWNER TO bgaapp;

--
-- Name: auth_user_groups; Type: TABLE; Schema: public; Owner: bgaapp
--

CREATE TABLE public.auth_user_groups (
    id bigint NOT NULL,
    user_id integer NOT NULL,
    group_id integer NOT NULL
);


ALTER TABLE public.auth_user_groups OWNER TO bgaapp;

--
-- Name: auth_user_groups_id_seq; Type: SEQUENCE; Schema: public; Owner: bgaapp
--

ALTER TABLE public.auth_user_groups ALTER COLUMN id ADD GENERATED BY DEFAULT AS IDENTITY (
    SEQUENCE NAME public.auth_user_groups_id_seq
    START WITH 1
    INCREMENT BY 1
    NO MINVALUE
    NO MAXVALUE
    CACHE 1
);


--
-- Name: auth_user_id_seq; Type: SEQUENCE; Schema: public; Owner: bgaapp
--

ALTER TABLE public.auth_user ALTER COLUMN id ADD GENERATED BY DEFAULT AS IDENTITY (
    SEQUENCE NAME public.auth_user_id_seq
    START WITH 1
    INCREMENT BY 1
    NO MINVALUE
    NO MAXVALUE
    CACHE 1
);


--
-- Name: auth_user_user_permissions; Type: TABLE; Schema: public; Owner: bgaapp
--

CREATE TABLE public.auth_user_user_permissions (
    id bigint NOT NULL,
    user_id integer NOT NULL,
    permission_id integer NOT NULL
);


ALTER TABLE public.auth_user_user_permissions OWNER TO bgaapp;

--
-- Name: auth_user_user_permissions_id_seq; Type: SEQUENCE; Schema: public; Owner: bgaapp
--

ALTER TABLE public.auth_user_user_permissions ALTER COLUMN id ADD GENERATED BY DEFAULT AS IDENTITY (
    SEQUENCE NAME public.auth_user_user_permissions_id_seq
    START WITH 1
    INCREMENT BY 1
    NO MINVALUE
    NO MAXVALUE
    CACHE 1
);


--
-- Name: django_admin_log; Type: TABLE; Schema: public; Owner: bgaapp
--

CREATE TABLE public.django_admin_log (
    id integer NOT NULL,
    action_time timestamp with time zone NOT NULL,
    object_id text,
    object_repr character varying(200) NOT NULL,
    action_flag smallint NOT NULL,
    change_message text NOT NULL,
    content_type_id integer,
    user_id integer NOT NULL,
    CONSTRAINT django_admin_log_action_flag_check CHECK ((action_flag >= 0))
);


ALTER TABLE public.django_admin_log OWNER TO bgaapp;

--
-- Name: django_admin_log_id_seq; Type: SEQUENCE; Schema: public; Owner: bgaapp
--

ALTER TABLE public.django_admin_log ALTER COLUMN id ADD GENERATED BY DEFAULT AS IDENTITY (
    SEQUENCE NAME public.django_admin_log_id_seq
    START WITH 1
    INCREMENT BY 1
    NO MINVALUE
    NO MAXVALUE
    CACHE 1
);


--
-- Name: django_content_type; Type: TABLE; Schema: public; Owner: bgaapp
--

CREATE TABLE public.django_content_type (
    id integer NOT NULL,
    app_label character varying(100) NOT NULL,
    model character varying(100) NOT NULL
);


ALTER TABLE public.django_content_type OWNER TO bgaapp;

--
-- Name: django_content_type_id_seq; Type: SEQUENCE; Schema: public; Owner: bgaapp
--

ALTER TABLE public.django_content_type ALTER COLUMN id ADD GENERATED BY DEFAULT AS IDENTITY (
    SEQUENCE NAME public.django_content_type_id_seq
    START WITH 1
    INCREMENT BY 1
    NO MINVALUE
    NO MAXVALUE
    CACHE 1
);


--
-- Name: django_migrations; Type: TABLE; Schema: public; Owner: bgaapp
--

CREATE TABLE public.django_migrations (
    id bigint NOT NULL,
    app character varying(255) NOT NULL,
    name character varying(255) NOT NULL,
    applied timestamp with time zone NOT NULL
);


ALTER TABLE public.django_migrations OWNER TO bgaapp;

--
-- Name: django_migrations_id_seq; Type: SEQUENCE; Schema: public; Owner: bgaapp
--

ALTER TABLE public.django_migrations ALTER COLUMN id ADD GENERATED BY DEFAULT AS IDENTITY (
    SEQUENCE NAME public.django_migrations_id_seq
    START WITH 1
    INCREMENT BY 1
    NO MINVALUE
    NO MAXVALUE
    CACHE 1
);


--
-- Name: django_session; Type: TABLE; Schema: public; Owner: bgaapp
--

CREATE TABLE public.django_session (
    session_key character varying(40) NOT NULL,
    session_data text NOT NULL,
    expire_date timestamp with time zone NOT NULL
);


ALTER TABLE public.django_session OWNER TO bgaapp;

--
-- Name: players_player; Type: TABLE; Schema: public; Owner: bgaapp
--

CREATE TABLE public.players_player (
    id bigint NOT NULL,
    first_name character varying(20) NOT NULL,
    last_name character varying(20) NOT NULL,
    nickname character varying(50) NOT NULL,
    hometown character varying(50) NOT NULL,
    years_active character varying(20) NOT NULL,
    image character varying(100),
    hof_inducted boolean NOT NULL,
    hof_year integer,
    accolades text NOT NULL,
    wins numeric(4,1),
    CONSTRAINT players_player_hof_year_check CHECK ((hof_year >= 0))
);


ALTER TABLE public.players_player OWNER TO bgaapp;

--
-- Name: players_player_id_seq; Type: SEQUENCE; Schema: public; Owner: bgaapp
--

ALTER TABLE public.players_player ALTER COLUMN id ADD GENERATED BY DEFAULT AS IDENTITY (
    SEQUENCE NAME public.players_player_id_seq
    START WITH 1
    INCREMENT BY 1
    NO MINVALUE
    NO MAXVALUE
    CACHE 1
);


--
-- Name: results_event; Type: TABLE; Schema: public; Owner: bgaapp
--

CREATE TABLE public.results_event (
    id bigint NOT NULL,
    name character varying(50) NOT NULL,
    date date NOT NULL,
    course_name character varying(100) NOT NULL,
    is_team_event boolean NOT NULL,
    notes text NOT NULL,
    season integer NOT NULL,
    is_major boolean NOT NULL,
    major_label character varying(50) NOT NULL,
    finalized boolean NOT NULL,
    CONSTRAINT results_event_season_check CHECK ((season >= 0))
);


ALTER TABLE public.results_event OWNER TO bgaapp;

--
-- Name: results_event_id_seq; Type: SEQUENCE; Schema: public; Owner: bgaapp
--

ALTER TABLE public.results_event ALTER COLUMN id ADD GENERATED BY DEFAULT AS IDENTITY (
    SEQUENCE NAME public.results_event_id_seq
    START WITH 1
    INCREMENT BY 1
    NO MINVALUE
    NO MAXVALUE
    CACHE 1
);


--
-- Name: results_score; Type: TABLE; Schema: public; Owner: bgaapp
--

CREATE TABLE public.results_score (
    id bigint NOT NULL,
    score numeric(5,2) NOT NULL,
    to_par numeric(5,2) NOT NULL,
    placement character varying(20) NOT NULL,
    event_id bigint NOT NULL,
    fourth_player_id bigint,
    player_id bigint NOT NULL,
    teammate_id bigint,
    third_player_id bigint
);


ALTER TABLE public.results_score OWNER TO bgaapp;

--
-- Name: results_score_id_seq; Type: SEQUENCE; Schema: public; Owner: bgaapp
--

ALTER TABLE public.results_score ALTER COLUMN id ADD GENERATED BY DEFAULT AS IDENTITY (
    SEQUENCE NAME public.results_score_id_seq
    START WITH 1
    INCREMENT BY 1
    NO MINVALUE
    NO MAXVALUE
    CACHE 1
);


--
-- Data for Name: auth_group; Type: TABLE DATA; Schema: public; Owner: bgaapp
--

COPY public.auth_group (id, name) FROM stdin;
\.


--
-- Data for Name: auth_group_permissions; Type: TABLE DATA; Schema: public; Owner: bgaapp
--

COPY public.auth_group_permissions (id, group_id, permission_id) FROM stdin;
\.


--
-- Data for Name: auth_permission; Type: TABLE DATA; Schema: public; Owner: bgaapp
--

COPY public.auth_permission (id, name, content_type_id, codename) FROM stdin;
1	Can add player	1	add_player
2	Can change player	1	change_player
3	Can delete player	1	delete_player
4	Can view player	1	view_player
5	Can add event	2	add_event
6	Can change event	2	change_event
7	Can delete event	2	delete_event
8	Can view event	2	view_event
9	Can add score	3	add_score
10	Can change score	3	change_score
11	Can delete score	3	delete_score
12	Can view score	3	view_score
13	Can add log entry	4	add_logentry
14	Can change log entry	4	change_logentry
15	Can delete log entry	4	delete_logentry
16	Can view log entry	4	view_logentry
17	Can add permission	5	add_permission
18	Can change permission	5	change_permission
19	Can delete permission	5	delete_permission
20	Can view permission	5	view_permission
21	Can add group	6	add_group
22	Can change group	6	change_group
23	Can delete group	6	delete_group
24	Can view group	6	view_group
25	Can add user	7	add_user
26	Can change user	7	change_user
27	Can delete user	7	delete_user
28	Can view user	7	view_user
29	Can add content type	8	add_contenttype
30	Can change content type	8	change_contenttype
31	Can delete content type	8	delete_contenttype
32	Can view content type	8	view_contenttype
33	Can add session	9	add_session
34	Can change session	9	change_session
35	Can delete session	9	delete_session
36	Can view session	9	view_session
\.


--
-- Data for Name: auth_user; Type: TABLE DATA; Schema: public; Owner: bgaapp
--

COPY public.auth_user (id, password, last_login, is_superuser, username, first_name, last_name, email, is_staff, is_active, date_joined) FROM stdin;
1	pbkdf2_sha256$1000000$g2UimTSNecyWo9kQUarqke$QWgr2Wwe1u1w5g26GPCVqff1qb6OAQ3kGcrrlot0vR4=	2025-10-06 18:36:27.427783+00	t	alex			alex.jungers@gmail.com	t	t	2025-10-06 18:36:11.189027+00
\.


--
-- Data for Name: auth_user_groups; Type: TABLE DATA; Schema: public; Owner: bgaapp
--

COPY public.auth_user_groups (id, user_id, group_id) FROM stdin;
\.


--
-- Data for Name: auth_user_user_permissions; Type: TABLE DATA; Schema: public; Owner: bgaapp
--

COPY public.auth_user_user_permissions (id, user_id, permission_id) FROM stdin;
\.


--
-- Data for Name: django_admin_log; Type: TABLE DATA; Schema: public; Owner: bgaapp
--

COPY public.django_admin_log (id, action_time, object_id, object_repr, action_flag, change_message, content_type_id, user_id) FROM stdin;
1	2025-10-06 18:41:50.686949+00	28	2-Man Scramble at River Oaks on 2019-04-20	1	[{"added": {}}]	2	1
2	2025-10-06 18:45:06.623476+00	28	2-Man Scramble at River Oaks on 2019-04-20	2	[{"changed": {"fields": ["Finalized"]}}]	2	1
3	2025-10-06 18:45:50.88113+00	3	Jeremiah 'Commish' Ballard	2	[{"changed": {"fields": ["Image"]}}]	1	1
4	2025-10-06 18:46:19.456022+00	3	Jeremiah 'Commish' Ballard	2	[{"changed": {"fields": ["Image"]}}]	1	1
5	2025-10-06 18:48:58.460927+00	118	AJ Page	1	[{"added": {}}]	1	1
6	2025-10-06 18:50:25.241586+00	119	JP 'French' Credali	1	[{"added": {}}]	1	1
7	2025-10-06 18:52:33.597839+00	7	Luke 20	2	[{"changed": {"fields": ["Last name", "Nickname"]}}]	1	1
8	2025-10-06 18:53:54.997719+00	120	Mitch Ingersoll	1	[{"added": {}}]	1	1
9	2025-10-06 18:55:27.642757+00	121	PJ Witt	1	[{"added": {}}]	1	1
10	2025-10-06 18:57:45.546298+00	122	Nephew Valiant	1	[{"added": {}}]	1	1
11	2025-10-06 18:58:59.648071+00	23	Major Tournament at BGA British Open on 2025-09-20	2	[{"changed": {"fields": ["Finalized"]}}]	2	1
12	2025-10-06 20:26:37.017897+00	123	Tom Valento	1	[{"added": {}}]	1	1
13	2025-10-06 20:27:29.904983+00	124	Kyle Bylander	1	[{"added": {}}]	1	1
14	2025-10-06 20:29:48.643662+00	4	2-Man Scramble at Oak Glen on 2025-04-12	2	[{"changed": {"fields": ["Finalized"]}}]	2	1
15	2025-10-06 20:36:31.909394+00	5	2-Man Scramble at River Oaks on 2025-04-19	2	[{"changed": {"fields": ["Finalized"]}}]	2	1
16	2025-10-06 20:47:54.407927+00	125	Erikl Gunderson	1	[{"added": {}}]	1	1
17	2025-10-06 20:48:19.435583+00	125	Erik Gunderson	2	[{"changed": {"fields": ["First name"]}}]	1	1
18	2025-10-06 20:50:34.297414+00	6	2-Man Scramble at Loggers Trail on 2025-04-26	2	[{"changed": {"fields": ["Finalized"]}}]	2	1
19	2025-10-06 20:52:42.156987+00	15	Peter 'Pete Heat' Law	2	[{"changed": {"fields": ["Image"]}}]	1	1
20	2025-10-06 21:38:16.291292+00	126	Jeremiah 'Scoop' Leary	1	[{"added": {}}]	1	1
21	2025-10-06 21:38:16.323798+00	127	Jeremiah 'Scoop' Leary	1	[{"added": {}}]	1	1
22	2025-10-06 21:39:02.868083+00	126	Jeremiah 'Scoop' Leary	3		1	1
23	2025-10-06 21:42:55.925593+00	24	4-Man Scramble at Loggers Trail on 2025-10-04	2	[{"changed": {"fields": ["Name"]}}]	2	1
24	2025-10-06 21:43:28.87913+00	24	4-Man Scramble at Loggers Trail on 2025-10-04	3		2	1
25	2025-10-06 21:43:42.488486+00	25	4-Man Scramble at Loggers Trail on 2025-10-04	2	[{"changed": {"fields": ["Name", "Date"]}}]	2	1
26	2025-10-06 21:43:58.708252+00	25	4-Man Scramble at Loggers Trail on 2025-10-04	2	[{"changed": {"fields": ["Finalized"]}}]	2	1
27	2025-10-06 22:00:21.047517+00	128	Cody Denny	1	[{"added": {}}]	1	1
28	2025-10-06 22:01:38.029092+00	129	James Benton	1	[{"added": {}}]	1	1
29	2025-10-06 22:02:11.180517+00	7	2-Man Scramble at Loggers Trail on 2025-05-03	2	[{"changed": {"fields": ["Finalized"]}}]	2	1
30	2025-10-06 22:50:47.029824+00	130	Austin Seman	1	[{"added": {}}]	1	1
31	2025-10-06 22:57:47.224574+00	8	2-Man Scramble at Eagle Valley on 2025-05-10	2	[{"changed": {"fields": ["Finalized"]}}]	2	1
32	2025-10-06 23:04:37.339679+00	131	Ed Caudillo	1	[{"added": {}}]	1	1
33	2025-10-06 23:06:25.750296+00	9	Major Tournament at Troy Burne on 2025-05-17	2	[{"changed": {"fields": ["Finalized"]}}]	2	1
34	2025-10-06 23:10:16.913937+00	132	Pat Murphy	1	[{"added": {}}]	1	1
35	2025-10-06 23:12:07.138862+00	133	Brandon King	1	[{"added": {}}]	1	1
36	2025-10-06 23:12:31.545078+00	14	Brian King	2	[{"changed": {"fields": ["First name", "Nickname"]}}]	1	1
37	2025-10-06 23:13:46.192968+00	11	2-Man Scramble at Victory Links on 2025-06-14	2	[{"changed": {"fields": ["Finalized"]}}]	2	1
38	2025-10-06 23:33:57.830538+00	134	Jen Lamotte	1	[{"added": {}}]	1	1
39	2025-10-06 23:34:50.147302+00	135	Mama Valiant	1	[{"added": {}}]	1	1
40	2025-10-06 23:35:58.963397+00	136	Haley J	1	[{"added": {}}]	1	1
41	2025-10-06 23:36:40.619082+00	12	Major Tournament at The Wilds on 2025-06-21	2	[{"changed": {"fields": ["Finalized"]}}]	2	1
42	2025-10-06 23:51:53.574187+00	12	Major Tournament at The Wilds on 2025-06-21	2	[{"changed": {"fields": ["Is major"]}}]	2	1
43	2025-10-06 23:52:15.844404+00	9	Major Tournament at Troy Burne on 2025-05-17	2	[{"changed": {"fields": ["Is team event", "Is major"]}}]	2	1
44	2025-10-06 23:52:20.826074+00	12	Major Tournament at The Wilds on 2025-06-21	2	[{"changed": {"fields": ["Is team event"]}}]	2	1
45	2025-10-06 23:52:25.633017+00	19	Major Tournament at Meadows at Mystic Lake on 2025-08-16	2	[{"changed": {"fields": ["Is team event", "Is major"]}}]	2	1
46	2025-10-07 00:03:11.521296+00	137	John Deshawn	1	[{"added": {}}]	1	1
47	2025-10-07 00:04:47.262028+00	13	2-Man Scramble at Oak Marsh on 2025-06-28	2	[{"changed": {"fields": ["Finalized"]}}]	2	1
48	2025-10-07 00:21:13.605863+00	138	Austin Lee	1	[{"added": {}}]	1	1
49	2025-10-07 00:22:20.059596+00	139	Ben Garvie	1	[{"added": {}}]	1	1
50	2025-10-07 00:23:09.793154+00	140	Ty Olson	1	[{"added": {}}]	1	1
51	2025-10-07 00:24:20.438195+00	141	Kerry Knick	1	[{"added": {}}]	1	1
52	2025-10-07 00:25:51.762139+00	14	2-Man Scramble at White Eagle on 2025-07-12	2	[{"changed": {"fields": ["Finalized"]}}]	2	1
53	2025-10-07 00:28:56.357494+00	142	Jackson Detrick	1	[{"added": {}}]	1	1
54	2025-10-07 00:29:42.069971+00	143	Tommy Miller	1	[{"added": {}}]	1	1
55	2025-10-07 00:30:19.754102+00	144	Josh Kellner	1	[{"added": {}}]	1	1
56	2025-10-07 00:32:15.695612+00	15	2-Man Scramble at Bellwood Oaks on 2025-07-19	2	[{"changed": {"fields": ["Finalized"]}}]	2	1
57	2025-10-07 00:41:13.084616+00	145	Jake Pribble	1	[{"added": {}}]	1	1
58	2025-10-07 00:45:15.121986+00	17	2-Man Scramble at Links at Northfork on 2025-08-02	2	[{"changed": {"fields": ["Finalized"]}}]	2	1
59	2025-10-07 00:51:33.213616+00	146	Mike Ritter	1	[{"added": {}}]	1	1
60	2025-10-07 00:52:54.407916+00	147	Nikko Mikacevich	1	[{"added": {}}]	1	1
61	2025-10-07 00:55:24.366643+00	19	Major Tournament at Meadows at Mystic Lake on 2025-08-16	2	[{"changed": {"fields": ["Finalized"]}}]	2	1
62	2025-10-07 00:57:49.587663+00	148	Eric Kaatz	1	[{"added": {}}]	1	1
63	2025-10-07 00:58:10.087474+00	149	Jeremy Langer	1	[{"added": {}}]	1	1
64	2025-10-07 00:58:27.779369+00	150	Shawn Langer	1	[{"added": {}}]	1	1
65	2025-10-07 01:00:29.860289+00	21	2-Man Scramble at Willingers on 2025-09-06	2	[{"changed": {"fields": ["Finalized"]}}]	2	1
66	2025-10-07 01:05:58.251797+00	7	Luke 20	2	[{"changed": {"fields": ["Image"]}}]	1	1
67	2025-10-07 01:06:13.287355+00	24	Charlie 'Chuck' Carter	2	[{"changed": {"fields": ["Image"]}}]	1	1
68	2025-10-07 01:06:29.914067+00	47	Andrew 'Deano' Cherry	2	[{"changed": {"fields": ["Image"]}}]	1	1
69	2025-10-07 01:06:57.013113+00	30	Jeff 'Papa Cherry' Cherry	2	[{"changed": {"fields": ["Image"]}}]	1	1
70	2025-10-07 01:07:30.380353+00	51	Ryan 'Neighbor Bro' Cembrinski	2	[{"changed": {"fields": ["Image"]}}]	1	1
71	2025-10-07 01:07:42.640004+00	61	Joe 'Conley' Conley	2	[{"changed": {"fields": ["Image"]}}]	1	1
72	2025-10-07 01:10:06.451741+00	5	Matthew 'Matty D' Daulton	2	[{"changed": {"fields": ["Image"]}}]	1	1
73	2025-10-07 01:12:08.885861+00	18	Ryan 'Dumps' Dumpprope	2	[{"changed": {"fields": ["Image"]}}]	1	1
74	2025-10-07 01:12:24.492989+00	75	Allison 'Ali' Dumpprope	2	[{"changed": {"fields": ["Image"]}}]	1	1
75	2025-10-07 01:12:56.122209+00	17	Tyler 'Tank' Havens	2	[{"changed": {"fields": ["Image"]}}]	1	1
76	2025-10-07 01:13:14.560967+00	19	Nik Esch	2	[{"changed": {"fields": ["Image"]}}]	1	1
77	2025-10-07 01:13:58.377309+00	2	Ryan 'Roy' Olson	2	[{"changed": {"fields": ["Image"]}}]	1	1
78	2025-10-07 01:14:36.147838+00	11	Benjamin-Charles 'Boneman' Hodge	2	[{"changed": {"fields": ["Image"]}}]	1	1
79	2025-10-07 01:17:16.487756+00	4	Alex 'Beetle' Jungers	2	[{"changed": {"fields": ["Image"]}}]	1	1
80	2025-10-07 01:17:33.53753+00	38	Tyler 'Tito' Ehret	2	[{"changed": {"fields": ["Image"]}}]	1	1
81	2025-10-07 19:33:52.846861+00	29	2-Man Scramble at Oak Glen on 2024-03-09	1	[{"added": {}}]	2	1
82	2025-10-07 19:35:37.610431+00	151	Collin Gammon	1	[{"added": {}}]	1	1
83	2025-10-07 19:37:16.595658+00	29	2-Man Scramble at Oak Glen on 2024-03-09	2	[{"changed": {"fields": ["Finalized"]}}]	2	1
84	2025-10-07 19:38:37.251669+00	30	2-Man Scramble at Loggers Trail on 2025-04-06	1	[{"added": {}}]	2	1
85	2025-10-07 19:42:16.071003+00	30	2-Man Scramble at Loggers Trail on 2025-04-06	2	[{"changed": {"fields": ["Finalized"]}}]	2	1
86	2025-10-07 19:42:46.986013+00	30	2-Man Scramble at Loggers Trail on 2024-04-06	2	[{"changed": {"fields": ["Date"]}}]	2	1
87	2025-10-07 19:43:49.363115+00	31	2-Man Scramble at River Oaks on 2024-04-13	1	[{"added": {}}]	2	1
88	2025-10-07 19:47:47.533317+00	31	2-Man Scramble at River Oaks on 2024-04-13	2	[{"changed": {"fields": ["Finalized"]}}]	2	1
89	2025-10-07 19:48:29.856999+00	32	2-Man Scramble at Loggers Trail on 2024-04-20	1	[{"added": {}}]	2	1
90	2025-10-07 19:49:54.245027+00	152	Josh Mathre	1	[{"added": {}}]	1	1
91	2025-10-07 19:52:12.443638+00	153	Austin Dreher	1	[{"added": {}}]	1	1
92	2025-10-07 19:52:47.906225+00	154	Shane Hennessey	1	[{"added": {}}]	1	1
93	2025-10-07 19:53:25.468644+00	32	2-Man Scramble at Loggers Trail on 2024-04-20	2	[{"changed": {"fields": ["Finalized"]}}]	2	1
94	2025-10-07 19:54:13.891791+00	33	2-Man Scramble at New Richmond Golf Club on 2024-05-04	1	[{"added": {}}]	2	1
95	2025-10-07 19:57:36.733599+00	33	2-Man Scramble at New Richmond Golf Club on 2024-05-04	2	[{"changed": {"fields": ["Finalized"]}}]	2	1
96	2025-10-07 19:58:42.119119+00	34	2-Man Scramble at Loggers Trail on 2024-05-11	1	[{"added": {}}]	2	1
97	2025-10-07 20:01:02.416079+00	34	2-Man Scramble at Loggers Trail on 2024-05-11	2	[{"changed": {"fields": ["Finalized"]}}]	2	1
98	2025-10-07 20:02:03.396094+00	35	Major Tournament at Troy Burne on 2024-05-18	1	[{"added": {}}]	2	1
99	2025-10-07 20:07:12.63222+00	35	Major Tournament at Troy Burne on 2024-05-18	2	[{"changed": {"fields": ["Finalized"]}}]	2	1
100	2025-10-07 20:09:12.523216+00	36	2-Man Scramble at Cannon Golf Club on 2024-05-25	1	[{"added": {}}]	2	1
101	2025-10-07 20:11:16.939084+00	36	2-Man Scramble at Cannon Golf Club on 2024-05-25	2	[{"changed": {"fields": ["Finalized"]}}]	2	1
102	2025-10-07 20:12:06.983284+00	37	2-Man Scramble at River Oaks on 2024-06-29	1	[{"added": {}}]	2	1
103	2025-10-07 20:13:15.781392+00	155	Brad Ciupik	1	[{"added": {}}]	1	1
104	2025-10-07 20:15:30.49289+00	37	2-Man Scramble at River Oaks on 2024-06-29	2	[{"changed": {"fields": ["Finalized"]}}]	2	1
105	2025-10-07 20:16:03.079771+00	38	Major Tournament at Willingers on 2024-07-13	1	[{"added": {}}]	2	1
106	2025-10-07 20:16:12.002368+00	35	Major Tournament at Troy Burne on 2024-05-18	2	[{"changed": {"fields": ["Major label"]}}]	2	1
107	2025-10-07 20:16:26.64865+00	9	Major Tournament at Troy Burne on 2025-05-17	2	[{"changed": {"fields": ["Major label"]}}]	2	1
108	2025-10-07 20:16:42.218132+00	12	Major Tournament at The Wilds on 2025-06-21	2	[{"changed": {"fields": ["Major label"]}}]	2	1
109	2025-10-07 20:17:16.732988+00	23	Major Tournament at Keller Golf Club on 2025-09-20	2	[{"changed": {"fields": ["Course name", "Major label"]}}]	2	1
110	2025-10-07 20:20:54.845714+00	156	Matt Boley	1	[{"added": {}}]	1	1
111	2025-10-07 20:21:48.077272+00	157	Will Reierson	1	[{"added": {}}]	1	1
112	2025-10-07 20:22:38.599734+00	38	Major Tournament at Willingers on 2024-07-13	2	[{"changed": {"fields": ["Finalized"]}}]	2	1
113	2025-10-07 20:23:19.219542+00	39	2-Man Scramble at Bellwood Oaks on 2024-07-20	1	[{"added": {}}]	2	1
114	2025-10-07 20:25:14.80704+00	158	Tom Law	1	[{"added": {}}]	1	1
115	2025-10-07 20:26:11.917862+00	39	2-Man Scramble at Bellwood Oaks on 2024-07-20	2	[{"changed": {"fields": ["Finalized"]}}]	2	1
116	2025-10-07 20:27:01.277099+00	40	Major Tournament at Victory Links on 2024-08-03	1	[{"added": {}}]	2	1
117	2025-10-07 20:31:08.382071+00	104	Bobby 'Stone Pony' Murray	2	[{"changed": {"fields": ["Last name"]}}]	1	1
118	2025-10-07 20:31:36.478485+00	40	Major Tournament at Victory Links on 2024-08-03	2	[{"changed": {"fields": ["Finalized"]}}]	2	1
119	2025-10-07 20:32:32.86998+00	41	2-Man Scramble at White Eagle on 2024-08-24	1	[{"added": {}}]	2	1
120	2025-10-07 20:34:56.724498+00	159	Brent Heitzinger	1	[{"added": {}}]	1	1
121	2025-10-07 20:36:23.960231+00	41	2-Man Scramble at White Eagle on 2024-08-24	2	[{"changed": {"fields": ["Finalized"]}}]	2	1
122	2025-10-07 20:36:59.13078+00	42	2-Man Scramble at Pheas on 2024-09-14	1	[{"added": {}}]	2	1
123	2025-10-07 20:37:18.346534+00	42	2-Man Scramble at Pheasant Hills on 2024-09-14	2	[{"changed": {"fields": ["Course name"]}}]	2	1
124	2025-10-07 20:39:05.355241+00	160	Elliott Gonsioroski	1	[{"added": {}}]	1	1
125	2025-10-07 20:40:16.90932+00	161	Owen Tallage	1	[{"added": {}}]	1	1
126	2025-10-07 20:41:07.736444+00	42	2-Man Scramble at Pheasant Hills on 2024-09-14	2	[{"changed": {"fields": ["Finalized"]}}]	2	1
127	2025-10-07 20:41:47.237335+00	43	Major Tournament at Links at Northfork on 2024-09-21	1	[{"added": {}}]	2	1
128	2025-10-07 20:45:05.086548+00	43	Major Tournament at Links at Northfork on 2024-09-21	2	[{"changed": {"fields": ["Finalized"]}}]	2	1
129	2025-10-07 20:45:36.788607+00	44	4-Man Scramble at Logg on 2024-10-05	1	[{"added": {}}]	2	1
130	2025-10-07 20:45:51.963789+00	44	4-Man Scramble at Loggers Trail on 2024-10-05	2	[{"changed": {"fields": ["Course name"]}}]	2	1
131	2025-10-07 20:49:19.555997+00	44	4-Man Scramble at Loggers Trail on 2024-10-05	2	[{"changed": {"fields": ["Finalized"]}}]	2	1
132	2025-10-07 20:49:46.521173+00	45	2-Man Scramble at Loggers Trail on 2024-10-19	1	[{"added": {}}]	2	1
133	2025-10-07 20:50:49.52328+00	45	2-Man Scramble at Loggers Trail on 2024-10-19	2	[]	2	1
134	2025-10-07 20:51:02.285232+00	162	Nate Leary	1	[{"added": {}}]	1	1
135	2025-10-07 20:52:11.604177+00	163	Pat 'Uncle' Leary	1	[{"added": {}}]	1	1
136	2025-10-07 20:53:08.943002+00	45	2-Man Scramble at Loggers Trail on 2024-10-19	2	[{"changed": {"fields": ["Finalized"]}}]	2	1
137	2025-10-07 20:53:40.205378+00	46	2-Man Scramble at Hidden Greens on 2024-11-02	1	[{"added": {}}]	2	1
138	2025-10-07 20:54:49.839156+00	164	Derrek Mikacevich	1	[{"added": {}}]	1	1
139	2025-10-07 20:55:55.457463+00	46	2-Man Scramble at Hidden Greens on 2024-11-02	2	[{"changed": {"fields": ["Finalized"]}}]	2	1
140	2025-10-07 21:30:44.173488+00	47	2-Man Scramble at Kilkarney on 2023-04-15	1	[{"added": {}}]	2	1
141	2025-10-07 21:32:10.653226+00	165	Ben Freese	1	[{"added": {}}]	1	1
142	2025-10-07 21:33:43.21709+00	47	2-Man Scramble at Kilkarney on 2023-04-15	2	[{"changed": {"fields": ["Finalized"]}}]	2	1
143	2025-10-07 21:35:03.488165+00	48	2-Man Scramble at Clifton Highlands on 2023-04-22	1	[{"added": {}}]	2	1
144	2025-10-07 21:38:11.168654+00	48	2-Man Scramble at Clifton Highlands on 2023-04-22	2	[{"changed": {"fields": ["Finalized"]}}]	2	1
145	2025-10-07 21:39:13.374185+00	49	2-Man Scramble at Loggers Trail on 2023-05-06	1	[{"added": {}}]	2	1
146	2025-10-07 21:43:18.669341+00	49	2-Man Scramble at Loggers Trail on 2023-05-06	2	[{"changed": {"fields": ["Finalized"]}}]	2	1
147	2025-10-07 21:44:11.81639+00	50	2-Man Scramble at Loggers Trail on 2023-05-23	1	[{"added": {}}]	2	1
148	2025-10-07 21:44:25.568993+00	50	2-Man Scramble at Loggers Trail on 2023-05-13	2	[{"changed": {"fields": ["Date"]}}]	2	1
149	2025-10-07 21:45:52.281476+00	166	Joe Silva	1	[{"added": {}}]	1	1
150	2025-10-07 21:48:06.422082+00	167	Ciara Doe	1	[{"added": {}}]	1	1
151	2025-10-07 21:48:34.707762+00	33	Dustin Mcintyre	2	[{"changed": {"fields": ["Nickname"]}}]	1	1
152	2025-10-07 21:49:13.888589+00	50	2-Man Scramble at Loggers Trail on 2023-05-13	2	[{"changed": {"fields": ["Finalized"]}}]	2	1
153	2025-10-07 21:49:47.537811+00	51	Major Tournament at Troy Burne on 2023-05-20	1	[{"added": {}}]	2	1
154	2025-10-07 21:55:10.316638+00	168	Nick Bertram	1	[{"added": {}}]	1	1
155	2025-10-07 21:56:12.340367+00	51	Major Tournament at Troy Burne on 2023-05-20	2	[{"changed": {"fields": ["Finalized"]}}]	2	1
156	2025-10-07 21:57:00.69645+00	52	2-Man Scramble at Victory Links on 2023-06-17	1	[{"added": {}}]	2	1
157	2025-10-07 21:58:25.408486+00	169	Mason Walters	1	[{"added": {}}]	1	1
158	2025-10-07 22:02:08.312842+00	52	2-Man Scramble at Victory Links on 2023-06-17	2	[{"changed": {"fields": ["Finalized"]}}]	2	1
159	2025-10-07 22:02:23.837625+00	55	Steve Daulton	2	[{"changed": {"fields": ["Nickname"]}}]	1	1
160	2025-10-07 22:03:09.358938+00	53	2-Man Scramble at Willingers on 2023-06-24	1	[{"added": {}}]	2	1
161	2025-10-07 22:04:46.48026+00	170	Spencer Conrad	1	[{"added": {}}]	1	1
162	2025-10-07 22:05:57.735328+00	53	2-Man Scramble at Willingers on 2023-06-24	2	[{"changed": {"fields": ["Finalized"]}}]	2	1
163	2025-10-07 22:06:26.970306+00	23	Major Tournament at Keller Golf Club on 2025-09-20	2	[{"changed": {"fields": ["Is team event", "Is major"]}}]	2	1
164	2025-10-07 22:07:54.665366+00	54	Major Tournament at The Jewel on 2023-07-08	1	[{"added": {}}]	2	1
165	2025-10-07 22:11:57.768683+00	54	Major Tournament at The Jewel on 2023-07-08	2	[{"changed": {"fields": ["Finalized"]}}]	2	1
166	2025-10-07 22:13:03.245195+00	55	2-Man Scramble at Links at Northfork on 2023-07-22	1	[{"added": {}}]	2	1
167	2025-10-07 22:14:46.954062+00	171	John Madison	1	[{"added": {}}]	1	1
168	2025-10-07 22:15:20.786491+00	55	2-Man Scramble at Links at Northfork on 2023-07-22	2	[{"changed": {"fields": ["Finalized"]}}]	2	1
169	2025-10-07 22:16:06.771044+00	56	Major Tournament at White Eagle on 2023-08-05	1	[{"added": {}}]	2	1
170	2025-10-07 22:20:38.595361+00	56	Major Tournament at White Eagle on 2023-08-05	2	[{"changed": {"fields": ["Finalized"]}}]	2	1
171	2025-10-07 22:21:23.355686+00	57	2-Man Scramble at Pheasant Hills on 2023-08-12	1	[{"added": {}}]	2	1
172	2025-10-07 22:23:30.333011+00	172	Anthony F	1	[{"added": {}}]	1	1
173	2025-10-07 22:25:06.14223+00	57	2-Man Scramble at Pheasant Hills on 2023-08-12	2	[{"changed": {"fields": ["Finalized"]}}]	2	1
174	2025-10-07 22:25:44.192341+00	58	2-Man Scramble at Hidden Greens on 2023-08-19	1	[{"added": {}}]	2	1
175	2025-10-07 22:28:35.927186+00	58	2-Man Scramble at Hidden Greens on 2023-08-19	2	[{"changed": {"fields": ["Finalized"]}}]	2	1
176	2025-10-07 22:29:34.100836+00	59	2-Man Scramble at Oak Marsh on 2023-09-09	1	[{"added": {}}]	2	1
177	2025-10-07 22:32:07.753261+00	59	2-Man Scramble at Oak Marsh on 2023-09-09	2	[{"changed": {"fields": ["Finalized"]}}]	2	1
178	2025-10-07 22:33:02.587107+00	60	2-Man Scramble at The Refuge on 2023-09-16	1	[{"added": {}}]	2	1
179	2025-10-07 22:34:47.15512+00	60	2-Man Scramble at The Refuge on 2023-09-16	2	[{"changed": {"fields": ["Finalized"]}}]	2	1
180	2025-10-07 22:35:23.80619+00	61	Major Tournament at Royal Golf Club on 2023-09-23	1	[{"added": {}}]	2	1
181	2025-10-07 22:35:58.038672+00	173	Ian Rock	1	[{"added": {}}]	1	1
182	2025-10-07 22:39:15.810141+00	174	Jordan Cross	1	[{"added": {}}]	1	1
183	2025-10-07 22:40:12.274965+00	61	Major Tournament at Royal Golf Club on 2023-09-23	2	[{"changed": {"fields": ["Finalized"]}}]	2	1
184	2025-10-07 22:40:50.722971+00	62	2-Man Scramble at Boulder Pointe on 2023-09-30	1	[{"added": {}}]	2	1
185	2025-10-07 22:42:08.590601+00	79	JP3 Leary	2	[{"changed": {"fields": ["First name", "Nickname"]}}]	1	1
186	2025-10-07 22:42:45.777941+00	175	Josh Daulton	1	[{"added": {}}]	1	1
187	2025-10-07 22:43:33.913038+00	176	Justin Leary	1	[{"added": {}}]	1	1
188	2025-10-07 22:44:59.107511+00	62	2-Man Scramble at Boulder Pointe on 2023-09-30	2	[{"changed": {"fields": ["Finalized"]}}]	2	1
189	2025-10-07 22:45:38.597989+00	63	4-Man Scramble at Loggers Trail on 2023-10-07	1	[{"added": {}}]	2	1
190	2025-10-07 22:49:03.605152+00	63	4-Man Scramble at Loggers Trail on 2023-10-07	2	[{"changed": {"fields": ["Finalized"]}}]	2	1
191	2025-10-07 22:49:45.384669+00	64	2-Man Scramble at Oak Glen on 2023-11-04	1	[{"added": {}}]	2	1
192	2025-10-07 22:52:12.656729+00	64	2-Man Scramble at Oak Glen on 2023-11-04	2	[{"changed": {"fields": ["Finalized"]}}]	2	1
193	2025-10-07 22:54:41.917057+00	65	4-Man Scramble at Loggers Trail on 2023-04-29	1	[{"added": {}}]	2	1
194	2025-10-08 16:11:35.795578+00	66	2-Man Scramble at Emerald Greens Silver on 2022-04-02	1	[{"added": {}}]	2	1
195	2025-10-08 16:13:05.037707+00	177	Brandon Dahlin	1	[{"added": {}}]	1	1
196	2025-10-08 16:14:25.302748+00	66	2-Man Scramble at Emerald Greens Silver on 2022-04-02	2	[{"changed": {"fields": ["Finalized"]}}]	2	1
197	2025-10-08 16:15:48.498311+00	67	2-Man Scramble at Oak Glen on 2022-04-09	1	[{"added": {}}]	2	1
198	2025-10-08 16:16:52.554867+00	178	Willie Faricy	1	[{"added": {}}]	1	1
199	2025-10-08 16:20:51.692247+00	67	2-Man Scramble at Oak Glen on 2022-04-09	2	[{"changed": {"fields": ["Finalized"]}}]	2	1
200	2025-10-08 16:21:23.952109+00	68	2-Man Scramble at Loggers Trail on 2022-04-16	1	[{"added": {}}]	2	1
201	2025-10-08 16:23:28.762477+00	68	2-Man Scramble at Loggers Trail on 2022-04-16	2	[{"changed": {"fields": ["Finalized"]}}]	2	1
202	2025-10-08 16:24:16.344502+00	69	2-Man Scramble at Loggers Trail on 2022-04-23	1	[{"added": {}}]	2	1
203	2025-10-08 16:27:40.461702+00	69	2-Man Scramble at Loggers Trail on 2022-04-23	2	[{"changed": {"fields": ["Finalized"]}}]	2	1
204	2025-10-08 16:28:27.993364+00	70	Major Tournament at Troy Burne on 2022-04-30	1	[{"added": {}}]	2	1
205	2025-10-08 16:36:03.152398+00	70	Major Tournament at Troy Burne on 2022-04-30	2	[{"changed": {"fields": ["Finalized"]}}]	2	1
206	2025-10-08 16:37:37.665791+00	71	2-Man Scramble at The Wilds on 2022-05-07	1	[{"added": {}}]	2	1
207	2025-10-08 16:38:52.441418+00	179	Zach Remringer	1	[{"added": {}}]	1	1
208	2025-10-08 16:39:58.421877+00	180	Jordan Kordosky	1	[{"added": {}}]	1	1
209	2025-10-08 16:41:20.440709+00	181	Tyler Rock	1	[{"added": {}}]	1	1
210	2025-10-08 16:42:16.971025+00	71	2-Man Scramble at The Wilds on 2022-05-07	2	[{"changed": {"fields": ["Finalized"]}}]	2	1
211	2025-10-08 16:42:47.900564+00	72	2-Man Scramble at Edinburgh on 2022-05-15	1	[{"added": {}}]	2	1
212	2025-10-08 16:45:50.622291+00	72	2-Man Scramble at Edinburgh on 2022-05-15	2	[{"changed": {"fields": ["Finalized"]}}]	2	1
213	2025-10-08 16:46:25.762997+00	73	2-Man Scramble at Willingers on 2022-05-21	1	[{"added": {}}]	2	1
214	2025-10-08 16:55:59.420848+00	73	2-Man Scramble at Willingers on 2022-05-21	2	[{"changed": {"fields": ["Finalized"]}}]	2	1
215	2025-10-08 16:56:42.640084+00	74	2-Man Scramble at Victory Links on 2022-06-18	1	[{"added": {}}]	2	1
216	2025-10-08 16:58:32.203877+00	182	Hunter Von Wald	1	[{"added": {}}]	1	1
217	2025-10-08 16:59:06.152809+00	183	Kurtis Julson	1	[{"added": {}}]	1	1
218	2025-10-08 16:59:29.812622+00	74	2-Man Scramble at Victory Links on 2022-06-18	2	[{"changed": {"fields": ["Finalized"]}}]	2	1
219	2025-10-08 17:00:27.118858+00	75	Major Tournament at Legends Golf Club on 2022-06-25	1	[{"added": {}}]	2	1
220	2025-10-08 17:29:27.336775+00	184	Ross Debilzan	1	[{"added": {}}]	1	1
221	2025-10-08 17:30:41.279426+00	75	Major Tournament at Legends Golf Club on 2022-06-25	2	[{"changed": {"fields": ["Finalized"]}}]	2	1
222	2025-10-08 17:31:32.97274+00	76	2-Man Scramble at Keller Golf Club on 2022-07-10	1	[{"added": {}}]	2	1
223	2025-10-08 17:33:41.630576+00	76	2-Man Scramble at Keller Golf Club on 2022-07-10	2	[{"changed": {"fields": ["Finalized"]}}]	2	1
224	2025-10-08 17:34:20.577913+00	77	2-Man Scramble at White Eagle on 2022-07-16	1	[{"added": {}}]	2	1
225	2025-10-08 17:35:06.300615+00	185	Jon Reckinger	1	[{"added": {}}]	1	1
226	2025-10-08 17:36:13.43181+00	186	Kayla Ampe	1	[{"added": {}}]	1	1
227	2025-10-08 17:37:24.139916+00	187	Nate Rank	1	[{"added": {}}]	1	1
228	2025-10-08 17:38:45.586177+00	77	2-Man Scramble at White Eagle on 2022-07-16	2	[{"changed": {"fields": ["Finalized"]}}]	2	1
229	2025-10-08 17:39:09.103438+00	78	2-Man Scramble at River Oaks on 2022-08-07	1	[{"added": {}}]	2	1
230	2025-10-08 17:40:38.061653+00	188	Kyle Horsch	1	[{"added": {}}]	1	1
231	2025-10-08 17:42:25.217845+00	78	2-Man Scramble at River Oaks on 2022-08-07	2	[{"changed": {"fields": ["Finalized"]}}]	2	1
232	2025-10-08 17:44:22.942686+00	79	2-Man Scramble at Oak Marsh on 2022-08-13	1	[{"added": {}}]	2	1
233	2025-10-08 17:46:40.623337+00	79	2-Man Scramble at Oak Marsh on 2022-08-13	2	[{"changed": {"fields": ["Finalized"]}}]	2	1
234	2025-10-08 17:47:49.139881+00	80	Major Tournament at Pres on 2022-08-27	1	[{"added": {}}]	2	1
235	2025-10-08 17:51:39.372759+00	80	Major Tournament at Pres on 2022-08-27	2	[{"changed": {"fields": ["Finalized"]}}]	2	1
236	2025-10-08 17:51:48.066233+00	80	Major Tournament at Prestwick on 2022-08-27	2	[{"changed": {"fields": ["Course name"]}}]	2	1
237	2025-10-08 17:53:02.154445+00	81	2-Man Scramble at Refuge on 2022-09-10	1	[{"added": {}}]	2	1
238	2025-10-08 17:55:44.465325+00	189	Al Cherry	1	[{"added": {}}]	1	1
239	2025-10-08 17:56:00.683586+00	81	2-Man Scramble at Refuge on 2022-09-10	2	[{"changed": {"fields": ["Finalized"]}}]	2	1
240	2025-10-08 17:56:46.51227+00	82	2-Man Scramble at Bristol Ridge on 2022-09-17	1	[{"added": {}}]	2	1
241	2025-10-08 17:59:25.185634+00	190	Al Bundle	1	[{"added": {}}]	1	1
242	2025-10-08 17:59:52.689224+00	82	2-Man Scramble at Bristol Ridge on 2022-09-17	2	[{"changed": {"fields": ["Finalized"]}}]	2	1
243	2025-10-08 18:00:36.799261+00	83	Major Tournament at Links at Northfork on 2022-09-24	1	[{"added": {}}]	2	1
244	2025-10-08 18:03:56.436303+00	83	Major Tournament at Links at Northfork on 2022-09-24	2	[{"changed": {"fields": ["Finalized"]}}]	2	1
245	2025-10-08 18:04:30.070543+00	84	2-Man Scramble at Clifton Highlands on 2022-10-01	1	[{"added": {}}]	2	1
246	2025-10-08 18:06:00.023492+00	84	2-Man Scramble at Clifton Highlands on 2022-10-01	2	[{"changed": {"fields": ["Finalized"]}}]	2	1
247	2025-10-08 18:06:59.940324+00	85	4-Man Scramble at Loggers Trail on 2022-10-08	1	[{"added": {}}]	2	1
248	2025-10-08 18:07:54.450104+00	191	Jake Labernik	1	[{"added": {}}]	1	1
249	2025-10-08 18:11:07.513482+00	85	4-Man Scramble at Loggers Trail on 2022-10-08	2	[{"changed": {"fields": ["Finalized"]}}]	2	1
250	2025-10-08 18:14:57.822466+00	86	2-Man Scramble at Loggers Trail on 2022-10-22	1	[{"added": {}}]	2	1
251	2025-10-08 18:16:48.203078+00	86	2-Man Scramble at Loggers Trail on 2022-10-22	2	[{"changed": {"fields": ["Finalized"]}}]	2	1
252	2025-10-08 18:17:13.816355+00	87	2-Man Scramble at Pheasant Hills on 2022-10-29	1	[{"added": {}}]	2	1
253	2025-10-08 18:19:44.392807+00	87	2-Man Scramble at Pheasant Hills on 2022-10-29	2	[{"changed": {"fields": ["Finalized"]}}]	2	1
254	2025-10-08 18:21:40.00943+00	88	2-Man Scramble at Oak Marsh on 2021-03-20	1	[{"added": {}}]	2	1
255	2025-10-08 18:24:05.524821+00	88	2-Man Scramble at Oak Marsh on 2021-03-20	2	[{"changed": {"fields": ["Finalized"]}}]	2	1
256	2025-10-08 18:24:39.352955+00	89	2-Man Scramble at Logg on 2021-03-27	1	[{"added": {}}]	2	1
257	2025-10-08 18:24:44.68689+00	89	2-Man Scramble at Loggers Trail on 2021-03-27	2	[{"changed": {"fields": ["Course name"]}}]	2	1
258	2025-10-08 18:25:57.898009+00	192	Dan Wemhoff	1	[{"added": {}}]	1	1
259	2025-10-08 18:26:39.511904+00	193	Jake Short	1	[{"added": {}}]	1	1
260	2025-10-08 18:28:46.108486+00	89	2-Man Scramble at Loggers Trail on 2021-03-27	2	[{"changed": {"fields": ["Finalized"]}}]	2	1
261	2025-10-08 18:29:19.583374+00	90	2-Man Scramble at Loggers Trail on 2021-04-03	1	[{"added": {}}]	2	1
262	2025-10-08 18:31:58.261805+00	194	Billy Krodel	1	[{"added": {}}]	1	1
263	2025-10-08 18:32:54.915418+00	195	Ryan Joyce	1	[{"added": {}}]	1	1
264	2025-10-08 18:33:36.494584+00	90	2-Man Scramble at Loggers Trail on 2021-04-03	2	[{"changed": {"fields": ["Finalized"]}}]	2	1
265	2025-10-08 18:34:15.298861+00	91	2-Man Scramble at Loggers Trail on 2021-04-10	1	[{"added": {}}]	2	1
266	2025-10-08 18:37:24.983396+00	196	JP Larson	1	[{"added": {}}]	1	1
267	2025-10-08 18:43:12.530836+00	91	2-Man Scramble at Loggers Trail on 2021-04-10	2	[{"changed": {"fields": ["Finalized"]}}]	2	1
268	2025-10-08 19:07:12.279556+00	92	2-Man Scramble at Oak Marsh on 2021-04-17	1	[{"added": {}}]	2	1
269	2025-10-08 19:10:30.92611+00	92	2-Man Scramble at Oak Marsh on 2021-04-17	2	[{"changed": {"fields": ["Finalized"]}}]	2	1
270	2025-10-08 19:11:05.036724+00	93	2-Man Scramble at Oak Glen on 2021-04-24	1	[{"added": {}}]	2	1
271	2025-10-08 19:14:47.331921+00	197	Andy Long	1	[{"added": {}}]	1	1
272	2025-10-08 19:16:01.941715+00	198	Kyle Wagner	1	[{"added": {}}]	1	1
273	2025-10-08 19:16:20.7263+00	93	2-Man Scramble at Oak Glen on 2021-04-24	2	[{"changed": {"fields": ["Finalized"]}}]	2	1
274	2025-10-08 19:17:17.040571+00	94	Major Tournament at Troy Burne on 2021-05-01	1	[{"added": {}}]	2	1
275	2025-10-08 19:23:01.092876+00	94	Major Tournament at Troy Burne on 2021-05-01	2	[{"changed": {"fields": ["Finalized"]}}]	2	1
276	2025-10-08 19:23:59.382685+00	95	2-Man Scramble at White Eagle on 2021-05-08	1	[{"added": {}}]	2	1
277	2025-10-08 19:26:56.910818+00	199	Peter Hoistad	1	[{"added": {}}]	1	1
278	2025-10-08 19:27:34.006639+00	95	2-Man Scramble at White Eagle on 2021-05-08	2	[{"changed": {"fields": ["Finalized"]}}]	2	1
279	2025-10-08 19:27:58.103027+00	96	2-Man Scramble at Hidden Greens on 2021-05-16	1	[{"added": {}}]	2	1
280	2025-10-08 19:29:19.888575+00	200	Ben Bakk	1	[{"added": {}}]	1	1
281	2025-10-08 19:31:12.423505+00	96	2-Man Scramble at Hidden Greens on 2021-05-16	2	[{"changed": {"fields": ["Finalized"]}}]	2	1
282	2025-10-08 19:31:48.911846+00	97	2-Man Scramble at New Richmond Golf Club on 2021-05-22	1	[{"added": {}}]	2	1
283	2025-10-08 19:35:24.787822+00	97	2-Man Scramble at New Richmond Golf Club on 2021-05-22	2	[{"changed": {"fields": ["Finalized"]}}]	2	1
284	2025-10-08 19:36:00.864484+00	98	2-Man Scramble at St. Croix National on 2021-06-13	1	[{"added": {}}]	2	1
285	2025-10-08 19:37:09.192424+00	201	Scott Kadlec	1	[{"added": {}}]	1	1
286	2025-10-08 19:38:04.780673+00	202	Kyle Gliva	1	[{"added": {}}]	1	1
287	2025-10-08 19:39:45.38213+00	98	2-Man Scramble at St. Croix National on 2021-06-13	2	[{"changed": {"fields": ["Finalized"]}}]	2	1
288	2025-10-08 19:40:23.011441+00	99	2-Man Scramble at Bristol Ridge on 2021-06-19	1	[{"added": {}}]	2	1
289	2025-10-08 19:43:07.895021+00	99	2-Man Scramble at Bristol Ridge on 2021-06-19	2	[{"changed": {"fields": ["Finalized"]}}]	2	1
290	2025-10-08 19:44:08.753682+00	100	Major Tournament at Victory Links on 2021-06-26	1	[{"added": {}}]	2	1
291	2025-10-08 19:47:34.856608+00	203	Jesse Gunderman	1	[{"added": {}}]	1	1
292	2025-10-08 19:50:14.263401+00	100	Major Tournament at Victory Links on 2021-06-26	2	[{"changed": {"fields": ["Finalized"]}}]	2	1
293	2025-10-08 19:51:09.09284+00	101	2-Man Scramble at Clifton Highlands on 2021-07-10	1	[{"added": {}}]	2	1
294	2025-10-08 19:53:20.423316+00	204	Dalton Bettin	1	[{"added": {}}]	1	1
295	2025-10-08 19:53:37.474968+00	101	2-Man Scramble at Clifton Highlands on 2021-07-10	2	[{"changed": {"fields": ["Finalized"]}}]	2	1
296	2025-10-08 19:54:13.710021+00	102	2-Man Scramble at River Oaks on 2021-07-17	1	[{"added": {}}]	2	1
297	2025-10-08 19:56:47.403462+00	205	Ryan Conway	1	[{"added": {}}]	1	1
298	2025-10-08 19:57:20.363443+00	102	2-Man Scramble at River Oaks on 2021-07-17	2	[{"changed": {"fields": ["Finalized"]}}]	2	1
299	2025-10-08 19:57:45.844707+00	103	2-Man Scramble at Loggers Trail on 2021-07-25	1	[{"added": {}}]	2	1
300	2025-10-08 19:59:55.984388+00	103	2-Man Scramble at Loggers Trail on 2021-07-25	2	[{"changed": {"fields": ["Finalized"]}}]	2	1
301	2025-10-08 20:01:07.847745+00	104	2-Man Scramble at Heritage Links on 2021-08-08	1	[{"added": {}}]	2	1
302	2025-10-08 20:02:14.146812+00	206	Paul Kessler	1	[{"added": {}}]	1	1
303	2025-10-08 20:02:50.743677+00	207	Dave Kelly	1	[{"added": {}}]	1	1
304	2025-10-08 20:03:27.082809+00	208	Jalen Heyer	1	[{"added": {}}]	1	1
305	2025-10-08 20:03:56.572061+00	104	2-Man Scramble at Heritage Links on 2021-08-08	2	[{"changed": {"fields": ["Finalized"]}}]	2	1
306	2025-10-08 20:04:27.831161+00	105	2-Man Scramble at Pheasant Hills on 2021-08-14	1	[{"added": {}}]	2	1
307	2025-10-08 20:05:46.941944+00	209	Jennifer Leary	1	[{"added": {}}]	1	1
308	2025-10-08 20:06:32.190311+00	210	Andy Cornell	1	[{"added": {}}]	1	1
309	2025-10-08 20:07:12.088227+00	105	2-Man Scramble at Pheasant Hills on 2021-08-14	2	[{"changed": {"fields": ["Finalized"]}}]	2	1
310	2025-10-08 20:08:49.535129+00	106	Major Tournament at Meadows at Mystic Lake on 2021-08-21	1	[{"added": {}}]	2	1
311	2025-10-08 20:13:26.381085+00	211	Zach Braun	1	[{"added": {}}]	1	1
312	2025-10-08 20:13:50.322699+00	106	Major Tournament at Meadows at Mystic Lake on 2021-08-21	2	[{"changed": {"fields": ["Finalized"]}}]	2	1
313	2025-10-08 20:54:14.603807+00	107	2-Man Scramble at The Wilds on 2021-08-28	1	[{"added": {}}]	2	1
314	2025-10-08 20:55:00.432725+00	212	Ron Opine	1	[{"added": {}}]	1	1
315	2025-10-08 20:57:22.172529+00	107	2-Man Scramble at The Wilds on 2021-08-28	2	[{"changed": {"fields": ["Finalized"]}}]	2	1
316	2025-10-08 20:58:20.061603+00	108	2-Man Scramble at Loggers Trail on 2021-09-11	1	[{"added": {}}]	2	1
317	2025-10-08 20:59:58.49744+00	213	Tim Lauer	1	[{"added": {}}]	1	1
318	2025-10-08 21:00:32.851398+00	214	Paul Conlin	1	[{"added": {}}]	1	1
319	2025-10-08 21:00:50.140963+00	108	2-Man Scramble at Loggers Trail on 2021-09-11	2	[{"changed": {"fields": ["Finalized"]}}]	2	1
320	2025-10-08 21:01:29.003973+00	109	2-Man Scramble at Links at Northfork on 2021-09-18	1	[{"added": {}}]	2	1
321	2025-10-08 21:02:46.625541+00	215	Wayne Lopez	1	[{"added": {}}]	1	1
322	2025-10-08 21:05:00.12997+00	109	2-Man Scramble at Links at Northfork on 2021-09-18	2	[{"changed": {"fields": ["Finalized"]}}]	2	1
323	2025-10-08 21:06:49.918757+00	110	Major Tournament at Royal Golf Club on 2021-09-25	1	[{"added": {}}]	2	1
324	2025-10-08 21:10:55.59242+00	110	Major Tournament at Royal Golf Club on 2021-09-25	2	[{"changed": {"fields": ["Finalized"]}}]	2	1
325	2025-10-08 21:11:36.065583+00	111	2-Man Scramble at Bellwood Oaks on 2021-10-02	1	[{"added": {}}]	2	1
326	2025-10-08 21:14:36.005392+00	111	2-Man Scramble at Bellwood Oaks on 2021-10-02	2	[{"changed": {"fields": ["Finalized"]}}]	2	1
327	2025-10-08 21:15:14.772259+00	112	4-Man Scramble at Loggers Trail on 2021-10-09	1	[{"added": {}}]	2	1
328	2025-10-08 21:16:55.084382+00	216	Keith Jensen	1	[{"added": {}}]	1	1
329	2025-10-08 21:17:10.021442+00	217	Macy Sherwin	1	[{"added": {}}]	1	1
330	2025-10-08 21:20:10.872496+00	112	4-Man Scramble at Loggers Trail on 2021-10-09	2	[{"changed": {"fields": ["Finalized"]}}]	2	1
331	2025-10-08 21:20:43.548558+00	113	2-Man Scramble at Loggers Trail on 2021-10-16	1	[{"added": {}}]	2	1
332	2025-10-08 21:23:50.516109+00	113	2-Man Scramble at Loggers Trail on 2021-10-16	2	[{"changed": {"fields": ["Finalized"]}}]	2	1
333	2025-10-08 21:24:19.438329+00	114	2-Man Scramble at Logg on 2021-10-30	1	[{"added": {}}]	2	1
334	2025-10-08 21:24:24.274457+00	114	2-Man Scramble at Loggers Trail on 2021-10-30	2	[{"changed": {"fields": ["Course name"]}}]	2	1
335	2025-10-08 21:26:16.77418+00	114	2-Man Scramble at Loggers Trail on 2021-10-30	2	[{"changed": {"fields": ["Finalized"]}}]	2	1
336	2025-10-08 21:26:59.43367+00	115	2-Man Scramble at Hidden Greens on 2021-11-06	1	[{"added": {}}]	2	1
337	2025-10-08 21:28:52.637069+00	218	Jonny Hoffer	1	[{"added": {}}]	1	1
338	2025-10-08 21:29:25.632689+00	115	2-Man Scramble at Hidden Greens on 2021-11-06	2	[{"changed": {"fields": ["Finalized"]}}]	2	1
339	2025-10-08 21:32:09.727961+00	116	2-Man Scramble at Stonebrooke on 2020-03-15	1	[{"added": {}}]	2	1
340	2025-10-08 21:33:11.771274+00	116	2-Man Scramble at Stonebrooke on 2020-03-15	2	[{"changed": {"fields": ["Finalized"]}}]	2	1
341	2025-10-08 21:33:59.385487+00	117	2-Man Scramble at Loggers Trail on 2020-04-18	1	[{"added": {}}]	2	1
342	2025-10-08 21:36:11.908784+00	117	2-Man Scramble at Loggers Trail on 2020-04-18	2	[{"changed": {"fields": ["Finalized"]}}]	2	1
343	2025-10-08 21:36:48.888477+00	118	2-Man Scramble at Loggers Trail on 2020-04-25	1	[{"added": {}}]	2	1
344	2025-10-08 21:38:35.792275+00	219	BJ Sage	1	[{"added": {}}]	1	1
345	2025-10-08 21:39:30.043232+00	118	2-Man Scramble at Loggers Trail on 2020-04-25	2	[{"changed": {"fields": ["Finalized"]}}]	2	1
346	2025-10-08 21:40:01.711671+00	119	2-Man Scramble at Oak Marsh on 2020-05-02	1	[{"added": {}}]	2	1
347	2025-10-08 21:40:46.938302+00	220	Jeremy Humenney	1	[{"added": {}}]	1	1
348	2025-10-08 21:42:27.781407+00	221	Jake Deutsch	1	[{"added": {}}]	1	1
349	2025-10-08 21:43:23.727738+00	222	Tyler Howard	1	[{"added": {}}]	1	1
350	2025-10-08 21:43:45.255243+00	119	2-Man Scramble at Oak Marsh on 2020-05-02	2	[{"changed": {"fields": ["Finalized"]}}]	2	1
351	2025-10-08 21:44:22.638108+00	120	2-Man Scramble at The Wilds on 2020-05-09	1	[{"added": {}}]	2	1
352	2025-10-08 21:47:42.716392+00	120	2-Man Scramble at The Wilds on 2020-05-09	2	[{"changed": {"fields": ["Finalized"]}}]	2	1
353	2025-10-08 21:48:21.499348+00	121	Major Tournament at Troy Burne on 2020-05-16	1	[{"added": {}}]	2	1
354	2025-10-08 21:49:31.079512+00	223	Justin Adams	1	[{"added": {}}]	1	1
355	2025-10-08 21:51:50.537431+00	224	Justin Mike;	1	[{"added": {}}]	1	1
356	2025-10-08 21:52:10.706477+00	224	Justin Mikel	2	[{"changed": {"fields": ["Last name"]}}]	1	1
357	2025-10-08 21:53:46.654272+00	121	Major Tournament at Troy Burne on 2020-05-16	2	[{"changed": {"fields": ["Finalized"]}}]	2	1
358	2025-10-09 17:31:05.332664+00	122	2-Man Scramble at Willingers on 2020-05-31	1	[{"added": {}}]	2	1
359	2025-10-09 17:32:56.501331+00	225	Blake Lehner	1	[{"added": {}}]	1	1
360	2025-10-09 17:33:53.441281+00	226	Wes Ahlers	1	[{"added": {}}]	1	1
361	2025-10-09 17:34:22.77634+00	122	2-Man Scramble at Willingers on 2020-05-31	2	[{"changed": {"fields": ["Finalized"]}}]	2	1
362	2025-10-09 17:35:13.807708+00	123	2-Man Scramble at Clifton Highlands on 2020-06-13	1	[{"added": {}}]	2	1
363	2025-10-09 17:37:41.445038+00	123	2-Man Scramble at Clifton Highlands on 2020-06-13	2	[{"changed": {"fields": ["Finalized"]}}]	2	1
364	2025-10-09 17:38:34.111682+00	124	2-Man Scramble at Stonebrooke on 2020-06-20	1	[{"added": {}}]	2	1
365	2025-10-09 17:39:51.737683+00	227	Jordan Folstad	1	[{"added": {}}]	1	1
366	2025-10-09 17:40:31.68498+00	228	Brian Nelson	1	[{"added": {}}]	1	1
367	2025-10-09 17:40:39.538062+00	229	Jeff Nelson	1	[{"added": {}}]	1	1
368	2025-10-09 17:41:32.116195+00	124	2-Man Scramble at Stonebrooke on 2020-06-20	2	[{"changed": {"fields": ["Finalized"]}}]	2	1
369	2025-10-09 17:42:28.252633+00	125	2-Man Scramble at Gopher Hills on 2020-06-27	1	[{"added": {}}]	2	1
370	2025-10-09 17:45:01.75387+00	230	Kevin Olson	1	[{"added": {}}]	1	1
371	2025-10-09 17:45:44.891377+00	125	2-Man Scramble at Gopher Hills on 2020-06-27	2	[{"changed": {"fields": ["Finalized"]}}]	2	1
372	2025-10-09 17:46:33.449299+00	126	Major Tournament at The Jewel on 2020-07-11	1	[{"added": {}}]	2	1
373	2025-10-09 17:48:56.00797+00	231	Dan Malone	1	[{"added": {}}]	1	1
374	2025-10-09 17:51:31.367771+00	126	Major Tournament at The Jewel on 2020-07-11	2	[{"changed": {"fields": ["Finalized"]}}]	2	1
375	2025-10-09 17:51:55.640451+00	127	2-Man Scramble at Oak Glen on 2020-07-18	1	[{"added": {}}]	2	1
376	2025-10-09 17:52:42.042861+00	232	Darin Pederson	1	[{"added": {}}]	1	1
377	2025-10-09 17:54:34.8887+00	127	2-Man Scramble at Oak Glen on 2020-07-18	2	[{"changed": {"fields": ["Finalized"]}}]	2	1
378	2025-10-09 17:55:10.943389+00	128	2-Man Scramble at The Refuge on 2020-07-25	1	[{"added": {}}]	2	1
379	2025-10-09 17:57:11.346437+00	233	Sean McCauley	1	[{"added": {}}]	1	1
380	2025-10-09 17:57:33.507033+00	234	Ray Lissy	1	[{"added": {}}]	1	1
381	2025-10-09 17:58:08.623276+00	235	Kenny Dumpprope	1	[{"added": {}}]	1	1
382	2025-10-09 17:58:42.006793+00	128	2-Man Scramble at The Refuge on 2020-07-25	2	[{"changed": {"fields": ["Finalized"]}}]	2	1
383	2025-10-09 17:59:06.899914+00	129	2-Man Scramble at Hastings Golf Club on 2020-08-01	1	[{"added": {}}]	2	1
384	2025-10-09 18:03:50.354073+00	129	2-Man Scramble at Hastings Golf Club on 2020-08-01	2	[{"changed": {"fields": ["Finalized"]}}]	2	1
385	2025-10-09 18:04:49.068832+00	130	2-Man Scramble at Southern Hills on 2020-08-08	1	[{"added": {}}]	2	1
386	2025-10-09 18:06:38.418682+00	236	Peter Ronaldo	1	[{"added": {}}]	1	1
387	2025-10-09 18:06:49.278463+00	237	Dave Benson	1	[{"added": {}}]	1	1
388	2025-10-09 18:08:15.264557+00	238	Will Sulliva	1	[{"added": {}}]	1	1
389	2025-10-09 18:08:38.020865+00	238	Will Sullivan	2	[{"changed": {"fields": ["Last name"]}}]	1	1
390	2025-10-09 18:10:02.075875+00	130	2-Man Scramble at Southern Hills on 2020-08-08	2	[{"changed": {"fields": ["Finalized"]}}]	2	1
391	2025-10-09 18:10:31.220514+00	131	2-Man Scramble at Victory Links on 2020-08-22	1	[{"added": {}}]	2	1
392	2025-10-09 18:12:01.762495+00	239	Tyler Robinson	1	[{"added": {}}]	1	1
393	2025-10-09 18:13:28.31427+00	240	Luke Boehm	1	[{"added": {}}]	1	1
394	2025-10-09 18:13:51.248336+00	131	2-Man Scramble at Victory Links on 2020-08-22	2	[{"changed": {"fields": ["Finalized"]}}]	2	1
395	2025-10-09 18:14:47.940485+00	132	Major Tournament at Royal Golf Club on 2020-08-29	1	[{"added": {}}]	2	1
396	2025-10-09 18:18:19.299127+00	241	Grant Wolter	1	[{"added": {}}]	1	1
397	2025-10-09 18:19:34.186479+00	132	Major Tournament at Royal Golf Club on 2020-08-29	2	[{"changed": {"fields": ["Finalized"]}}]	2	1
398	2025-10-09 18:20:02.243067+00	133	2-Man Scramble at Bluff Creek on 2020-09-12	1	[{"added": {}}]	2	1
399	2025-10-09 18:22:23.410304+00	133	2-Man Scramble at Bluff Creek on 2020-09-12	2	[{"changed": {"fields": ["Finalized"]}}]	2	1
400	2025-10-09 18:23:02.330823+00	134	2-Man Scramble at Boulder Pointe on 2020-09-19	1	[{"added": {}}]	2	1
401	2025-10-09 18:23:41.912211+00	242	Brandon Lick	1	[{"added": {}}]	1	1
402	2025-10-09 18:25:38.401429+00	243	Marc Drexl	1	[{"added": {}}]	1	1
403	2025-10-09 18:25:48.667432+00	244	Max Drexl	1	[{"added": {}}]	1	1
404	2025-10-09 18:26:01.220649+00	134	2-Man Scramble at Boulder Pointe on 2020-09-19	2	[{"changed": {"fields": ["Finalized"]}}]	2	1
405	2025-10-09 18:26:35.304644+00	135	Major Tournament at Stoneridge on 2020-09-26	1	[{"added": {}}]	2	1
406	2025-10-09 18:27:29.02202+00	245	Manny Krug	1	[{"added": {}}]	1	1
407	2025-10-09 18:29:52.660959+00	135	Major Tournament at Stoneridge on 2020-09-26	2	[{"changed": {"fields": ["Finalized"]}}]	2	1
408	2025-10-09 18:30:26.70621+00	136	2-Man Scramble at River Oaks on 2020-10-03	1	[{"added": {}}]	2	1
409	2025-10-09 18:34:08.212315+00	136	2-Man Scramble at River Oaks on 2020-10-03	2	[{"changed": {"fields": ["Finalized"]}}]	2	1
410	2025-10-09 18:34:41.521016+00	137	4-Man Scramble at Loggers Trail on 2020-10-10	1	[{"added": {}}]	2	1
411	2025-10-09 18:37:56.299815+00	137	4-Man Scramble at Loggers Trail on 2020-10-10	2	[{"changed": {"fields": ["Finalized"]}}]	2	1
412	2025-10-09 18:38:33.964211+00	138	2-Man Scramble at White Eagle on 2020-10-17	1	[{"added": {}}]	2	1
413	2025-10-09 18:40:47.302817+00	138	2-Man Scramble at White Eagle on 2020-10-17	2	[{"changed": {"fields": ["Finalized"]}}]	2	1
414	2025-10-09 18:41:37.063717+00	139	2-Man Scramble at Kilkarney on 2020-11-28	1	[{"added": {}}]	2	1
415	2025-10-09 18:43:15.525799+00	139	2-Man Scramble at Kilkarney on 2020-11-28	2	[{"changed": {"fields": ["Finalized"]}}]	2	1
416	2025-10-09 18:44:13.244678+00	28	2-Man Scramble at Hidden Greens on 2019-04-20	2	[{"changed": {"fields": ["Course name"]}}]	2	1
417	2025-10-09 18:44:42.309327+00	140	2-Man Scramble at Emerald Greens Gold on 2019-04-28	1	[{"added": {}}]	2	1
418	2025-10-09 18:45:37.071499+00	140	2-Man Scramble at Emerald Greens Gold on 2019-04-28	2	[{"changed": {"fields": ["Finalized"]}}]	2	1
419	2025-10-09 18:46:03.726644+00	141	2-Man Scramble at Oak Marsh on 2019-05-04	1	[{"added": {}}]	2	1
420	2025-10-09 18:47:13.889047+00	141	2-Man Scramble at Oak Marsh on 2019-05-04	2	[{"changed": {"fields": ["Finalized"]}}]	2	1
421	2025-10-09 18:47:36.270416+00	142	2-Man Scramble at Kilkarney on 2019-05-11	1	[{"added": {}}]	2	1
422	2025-10-09 18:48:19.739471+00	246	Mike Diamond	1	[{"added": {}}]	1	1
423	2025-10-09 18:48:47.577738+00	247	Tim Price	1	[{"added": {}}]	1	1
424	2025-10-09 18:49:26.545678+00	248	Red John	1	[{"added": {}}]	1	1
425	2025-10-09 18:49:58.83243+00	249	Peter Bachman	1	[{"added": {}}]	1	1
426	2025-10-09 18:50:12.132262+00	142	2-Man Scramble at Kilkarney on 2019-05-11	2	[{"changed": {"fields": ["Finalized"]}}]	2	1
427	2025-10-09 18:50:46.322338+00	143	2-Man Scramble at Pheasant Hills on 2019-05-26	1	[{"added": {}}]	2	1
428	2025-10-09 18:52:50.030193+00	143	4-Man Scramble at Pheasant Hills on 2019-05-26	2	[{"changed": {"fields": ["Name"]}}]	2	1
429	2025-10-09 18:52:54.147265+00	143	4-Man Scramble at Pheasant Hills on 2019-05-26	2	[{"changed": {"fields": ["Finalized"]}}]	2	1
430	2025-10-09 18:53:21.582156+00	144	2-Man Scramble at Gopher Hills on 2019-06-01	1	[{"added": {}}]	2	1
431	2025-10-09 18:54:37.619153+00	144	2-Man Scramble at Gopher Hills on 2019-06-01	2	[{"changed": {"fields": ["Finalized"]}}]	2	1
432	2025-10-09 18:55:02.248384+00	145	2-Man Scramble at Clifton Hollow on 2019-06-15	1	[{"added": {}}]	2	1
433	2025-10-09 18:56:11.66729+00	250	Dan Rangitsch	1	[{"added": {}}]	1	1
434	2025-10-09 18:56:52.931725+00	145	2-Man Scramble at Clifton Hollow on 2019-06-15	2	[{"changed": {"fields": ["Finalized"]}}]	2	1
435	2025-10-09 18:57:27.873987+00	146	Major Tournament at Majestic Oaks on 2019-06-22	1	[{"added": {}}]	2	1
436	2025-10-09 18:57:56.713842+00	251	Nick Schwartz	1	[{"added": {}}]	1	1
437	2025-10-09 18:59:16.590008+00	252	Luke Nilles	1	[{"added": {}}]	1	1
438	2025-10-09 19:00:31.304625+00	146	Major Tournament at Majestic Oaks on 2019-06-22	2	[{"changed": {"fields": ["Finalized"]}}]	2	1
439	2025-10-09 20:07:36.388739+00	147	2-Man Scramble at Stillwater Oaks on 2020-06-30	1	[{"added": {}}]	2	1
440	2025-10-09 20:08:32.92559+00	253	Justin Ogg	1	[{"added": {}}]	1	1
441	2025-10-09 20:10:05.254483+00	254	Trevor Mikacevich	1	[{"added": {}}]	1	1
442	2025-10-09 20:11:31.51277+00	255	Paul Jarvis	1	[{"added": {}}]	1	1
443	2025-10-09 20:11:55.320348+00	256	Tim Olsen	1	[{"added": {}}]	1	1
444	2025-10-09 20:12:36.835342+00	147	2-Man Scramble at Stillwater Oaks on 2020-06-30	2	[{"changed": {"fields": ["Finalized"]}}]	2	1
445	2025-10-09 20:12:53.007542+00	147	2-Man Scramble at Stillwater Oaks on 2019-06-30	2	[{"changed": {"fields": ["Date"]}}]	2	1
446	2025-10-09 20:13:50.605823+00	148	2-Man Scramble at Bellwood Oaks on 2019-07-06	1	[{"added": {}}]	2	1
447	2025-10-09 20:15:03.438787+00	148	2-Man Scramble at Bellwood Oaks on 2019-07-06	2	[{"changed": {"fields": ["Finalized"]}}]	2	1
448	2025-10-09 20:22:09.501823+00	149	4-Man Scramble at Mississippi National Highlands on 2019-07-13	1	[{"added": {}}]	2	1
449	2025-10-09 20:22:55.433847+00	257	Mike Schmitz	1	[{"added": {}}]	1	1
450	2025-10-09 20:25:12.059271+00	258	Don Machacek	1	[{"added": {}}]	1	1
451	2025-10-09 20:25:26.16702+00	259	Joe Machacek	1	[{"added": {}}]	1	1
452	2025-10-09 20:26:17.62849+00	260	Nick Wallerich	1	[{"added": {}}]	1	1
453	2025-10-09 20:26:32.828294+00	149	4-Man Scramble at Mississippi National Highlands on 2019-07-13	2	[{"changed": {"fields": ["Finalized"]}}]	2	1
454	2025-10-09 20:27:12.899551+00	150	2-Man Scramble at Chomonix on 2019-07-20	1	[{"added": {}}]	2	1
455	2025-10-09 20:28:30.284941+00	261	Eric Jones	1	[{"added": {}}]	1	1
456	2025-10-09 20:29:03.563912+00	262	Kevin Higgins	1	[{"added": {}}]	1	1
457	2025-10-09 20:29:18.551271+00	150	2-Man Scramble at Chomonix on 2019-07-20	2	[{"changed": {"fields": ["Finalized"]}}]	2	1
458	2025-10-09 20:30:58.242956+00	151	Major Tournament at Dahlgreen on 2019-07-27	1	[{"added": {}}]	2	1
459	2025-10-09 20:33:04.587306+00	263	Chad Hertaus	1	[{"added": {}}]	1	1
460	2025-10-09 20:35:01.07189+00	151	Major Tournament at Dahlgreen on 2019-07-27	2	[{"changed": {"fields": ["Finalized"]}}]	2	1
461	2025-10-09 20:35:41.336998+00	152	2-Man Scramble at The Summit on 2019-08-03	1	[{"added": {}}]	2	1
462	2025-10-09 20:36:30.842677+00	264	Jarod Gilb	1	[{"added": {}}]	1	1
463	2025-10-09 20:37:10.699305+00	265	Shane McCallum	1	[{"added": {}}]	1	1
464	2025-10-09 20:37:26.257386+00	152	2-Man Scramble at The Summit on 2019-08-03	2	[{"changed": {"fields": ["Finalized"]}}]	2	1
465	2025-10-09 20:38:01.123614+00	153	2-Man Scramble at Southern Hills on 2020-08-10	1	[{"added": {}}]	2	1
466	2025-10-09 20:38:09.394202+00	153	2-Man Scramble at Southern Hills on 2019-08-10	2	[{"changed": {"fields": ["Date"]}}]	2	1
467	2025-10-09 20:39:02.24289+00	266	Darren Siebert	1	[{"added": {}}]	1	1
468	2025-10-09 20:39:33.413476+00	267	Andrew Sands	1	[{"added": {}}]	1	1
469	2025-10-09 20:40:23.034849+00	54	Luke Christanson	2	[{"changed": {"fields": ["First name", "Nickname"]}}]	1	1
470	2025-10-09 20:40:32.827531+00	63	Tony Gubash	2	[{"changed": {"fields": ["Nickname"]}}]	1	1
471	2025-10-09 20:40:54.808531+00	153	2-Man Scramble at Southern Hills on 2019-08-10	2	[{"changed": {"fields": ["Finalized"]}}]	2	1
472	2025-10-09 20:41:45.531135+00	154	Major Tournament at Legends Golf Club on 2019-08-17	1	[{"added": {}}]	2	1
473	2025-10-09 20:44:00.96239+00	268	Adam Arcand	1	[{"added": {}}]	1	1
474	2025-10-09 20:44:16.337339+00	269	Chaz Lasch	1	[{"added": {}}]	1	1
475	2025-10-09 20:45:28.759011+00	154	Major Tournament at Legends Golf Club on 2019-08-17	2	[{"changed": {"fields": ["Finalized"]}}]	2	1
476	2025-10-09 20:46:02.163376+00	155	2-Man Scramble at Oak Glen on 2019-08-25	1	[{"added": {}}]	2	1
477	2025-10-09 20:47:27.267247+00	155	2-Man Scramble at Oak Glen on 2019-08-25	2	[{"changed": {"fields": ["Finalized"]}}]	2	1
478	2025-10-09 20:48:01.165664+00	156	2-Man Scramble at Cannon Golf Club on 2019-09-14	1	[{"added": {}}]	2	1
479	2025-10-09 20:50:27.731582+00	156	2-Man Scramble at Cannon Golf Club on 2019-09-14	2	[{"changed": {"fields": ["Finalized"]}}]	2	1
480	2025-10-09 20:51:20.119806+00	157	Major Tournament at Troy Burne on 2019-09-21	1	[{"added": {}}]	2	1
481	2025-10-09 20:51:48.626304+00	270	Jason Booth	1	[{"added": {}}]	1	1
482	2025-10-09 20:52:21.32809+00	112	Mike Easthouse	2	[{"changed": {"fields": ["First name"]}}]	1	1
483	2025-10-09 20:54:16.626156+00	271	Damon Nesselrodt	1	[{"added": {}}]	1	1
484	2025-10-09 20:54:38.305251+00	272	Terry Lambert	1	[{"added": {}}]	1	1
485	2025-10-09 20:54:56.656821+00	157	Major Tournament at Troy Burne on 2019-09-21	2	[{"changed": {"fields": ["Finalized"]}}]	2	1
486	2025-10-09 20:55:21.38982+00	158	2-Man Scramble at Tanners Brook on 2019-09-28	1	[{"added": {}}]	2	1
487	2025-10-09 20:57:47.056721+00	158	2-Man Scramble at Tanners Brook on 2019-09-28	2	[{"changed": {"fields": ["Finalized"]}}]	2	1
488	2025-10-09 20:58:14.610479+00	159	2-Man Scramble at Highland National on 2019-10-19	1	[{"added": {}}]	2	1
489	2025-10-09 20:59:25.951097+00	159	2-Man Scramble at Highland National on 2019-10-19	2	[{"changed": {"fields": ["Finalized"]}}]	2	1
490	2025-10-09 20:59:58.133296+00	160	4-Man Scramble at River Oaks on 2019-10-26	1	[{"added": {}}]	2	1
491	2025-10-09 21:01:26.166572+00	273	Nick Alban	1	[{"added": {}}]	1	1
492	2025-10-09 21:02:47.999008+00	160	4-Man Scramble at River Oaks on 2019-10-26	2	[{"changed": {"fields": ["Finalized"]}}]	2	1
493	2025-10-09 21:08:56.041439+00	161	2-Man Scramble at Loggers Trail on 2019-05-18	1	[{"added": {}}]	2	1
494	2025-10-09 21:10:01.717841+00	161	2-Man Scramble at Loggers Trail on 2019-05-18	2	[{"changed": {"fields": ["Finalized"]}}]	2	1
\.


--
-- Data for Name: django_content_type; Type: TABLE DATA; Schema: public; Owner: bgaapp
--

COPY public.django_content_type (id, app_label, model) FROM stdin;
1	players	player
2	results	event
3	results	score
4	admin	logentry
5	auth	permission
6	auth	group
7	auth	user
8	contenttypes	contenttype
9	sessions	session
\.


--
-- Data for Name: django_migrations; Type: TABLE DATA; Schema: public; Owner: bgaapp
--

COPY public.django_migrations (id, app, name, applied) FROM stdin;
1	contenttypes	0001_initial	2025-07-10 18:50:31.749967+00
2	auth	0001_initial	2025-07-10 18:50:31.858266+00
3	admin	0001_initial	2025-07-10 18:50:31.893072+00
4	admin	0002_logentry_remove_auto_add	2025-07-10 18:50:31.901717+00
5	admin	0003_logentry_add_action_flag_choices	2025-07-10 18:50:31.914717+00
6	contenttypes	0002_remove_content_type_name	2025-07-10 18:50:31.943543+00
7	auth	0002_alter_permission_name_max_length	2025-07-10 18:50:31.959558+00
8	auth	0003_alter_user_email_max_length	2025-07-10 18:50:31.977151+00
9	auth	0004_alter_user_username_opts	2025-07-10 18:50:31.989124+00
10	auth	0005_alter_user_last_login_null	2025-07-10 18:50:32.00817+00
11	auth	0006_require_contenttypes_0002	2025-07-10 18:50:32.013728+00
12	auth	0007_alter_validators_add_error_messages	2025-07-10 18:50:32.025643+00
13	auth	0008_alter_user_username_max_length	2025-07-10 18:50:32.046896+00
14	auth	0009_alter_user_last_name_max_length	2025-07-10 18:50:32.067056+00
15	auth	0010_alter_group_name_max_length	2025-07-10 18:50:32.086619+00
16	auth	0011_update_proxy_permissions	2025-07-10 18:50:32.096686+00
17	auth	0012_alter_user_first_name_max_length	2025-07-10 18:50:32.114866+00
18	players	0001_initial	2025-07-10 18:50:32.128475+00
19	players	0002_player_wins	2025-07-10 18:50:32.143115+00
20	players	0003_alter_player_wins	2025-07-10 18:50:32.155035+00
21	results	0001_initial	2025-07-10 18:50:32.204382+00
22	results	0002_alter_score_placement	2025-07-10 18:50:32.218525+00
23	sessions	0001_initial	2025-07-10 18:50:32.241458+00
\.


--
-- Data for Name: django_session; Type: TABLE DATA; Schema: public; Owner: bgaapp
--

COPY public.django_session (session_key, session_data, expire_date) FROM stdin;
dfs7utq56rixvnnxs7nzf32rm2dfirkm	.eJxVjEEOwiAQRe_C2hAGiohL956BDDODVA1NSrsy3l2bdKHb_977L5VwXWpau8xpZHVWoA6_W0Z6SNsA37HdJk1TW-Yx603RO-36OrE8L7v7d1Cx129tMNoysCuWkAdv2OYAOVoCQnMUH2JmKoaEPXiIDq0wnIqD4NkxRfX-APq5OH0:1v5q4R:Bfqb8IQ2icvUOPZkHik9odRiIzvCF8iHQLaH8A0CRws	2025-10-20 18:36:27.433179+00
\.


--
-- Data for Name: players_player; Type: TABLE DATA; Schema: public; Owner: bgaapp
--

COPY public.players_player (id, first_name, last_name, nickname, hometown, years_active, image, hof_inducted, hof_year, accolades, wins) FROM stdin;
6	Joshua	Leary	Donkey	Inver Grove Heights, MN	6		f	\N		0.0
8	Matthew	Valiant	Matty V	St. Paul, MN	6		f	\N		0.0
9	James	Leary	Jim	South St. Paul, MN	6		f	\N		0.0
10	Jon	Feliciano	Jonny Law	South St. Paul, MN	5		f	\N		0.0
12	Michael	Degraw	Big Mike	Inver Grove Heights, MN	5		f	\N		0.0
13	Jake	Schwartz	Eagle	Springfield, IN	6		f	\N		0.0
16	Cassie	Daulton	Sandy	Inver Grove Heights, MN	6		f	\N		0.0
20	Josh	Schroetter	Goat	Hudson, WI	5		f	\N		0.0
21	Eric	Kropp	40	Inver Grove Heights, MN	6		f	\N		0.0
22	Torben	Jepsen	Top Heavy	White Bear Lake, MN	6		f	\N		0.0
23	Andrew	Kropp	AK	Inver Grove Heights, MN	6		f	\N		0.0
25	Andrew	Hoistad	Big Foot	Chaska, MN	6		f	\N		0.0
26	Christopher	Olson	CO	Cannon Falls, Iowa	6		f	\N		0.0
27	Kameron	Keich	Cali	Santa Clarita, CA	4		f	\N		0.0
28	Ethan	Cornell	Freethan	Inver Grove Heights, MN	6		f	\N		0.0
29	Tyler	Johnson	TJ	Inver Grove Heights, MN	6		f	\N		0.0
31	Scott	Lamotte	Scotty	Northfield, MN	5		f	\N		0.0
32	Michael	Krug	KrugBall	Inver Grove Heights, MN	5		f	\N		0.0
34	Gene	Cao	Geno	Chaska, MN	6		f	\N		0.0
35	Shaun	Quinn	The Don	South St. Paul, MN	6		f	\N		0.0
36	Gary	Madison	Gary	South St. Paul, MN	4		f	\N		0.0
37	Kelly	Kropp	Pops	Inver Grove Heights, MN	6		f	\N		0.0
39	Randy	Franchette	Wink	Rosemount, MN	3		f	\N		0.0
40	Jimbo	Leary	Jimbo	St. Paul, MN	6		f	\N		0.0
41	Zach	Kulak	The Mayor	Tempo Town, USA	4		f	\N		0.0
42	Kristen	Coonrod	Tomboy	Inver Grove Heights, MN	5		f	\N		0.0
43	Mike	Mexner	Ox	St. Paul, MN	6		f	\N		0.0
44	Joe	Lanik	Josey Wales	Inver Grove Heights, MN	6		f	\N		0.0
45	Ryan	Crowe	The Prosecuter	South St. Paul, MN	6		f	\N		0.0
46	Joe	Ramirez	Joe	Rosemount, MN	6		f	\N		0.0
48	Mike	Satterstrom	Satt	Chaska, MN	6		f	\N		0.0
49	Derek	Ommen	Bryce	Hudson, WI	6		f	\N		0.0
50	Dan	Loughney	Dano	Hudson, WI	6		f	\N		0.0
52	Andrew	Erickson	Andy	South St. Paul, MN	6		f	\N		0.0
53	Tyler	Olson	TO	Rosemount, MN	5		f	\N		0.0
56	Ashley	Remers	Smashley	St. Paul, MN	5		f	\N		0.0
57	Nick	St. Martin	Nick	South St. Paul, MN	5		f	\N		0.0
58	Chris	Sims	Sims	Gary, IN	6		f	\N		0.0
59	Alex	Koich	Alex	South St. Paul, MN	6		f	\N		0.0
60	Sam	Price	Sam	St. Paul, MN	6		f	\N		0.0
62	Bryce	Hanson	Bryce	Mendota Heights, MN	5		f	\N		0.0
64	Tyler	Thompson	TNT	South St. Paul, MN	1		f	\N		0.0
65	Lucas	Baumtrog	Lucas	Chaska, MN	4		f	\N		0.0
66	Eric	Ciupik	Chup	Inver Grove Heights, MN	6		f	\N		0.0
67	Alex	Marriott	Alex	St. Paul, MN	6		f	\N		0.0
68	Casey	Cole	Roy's Buddy	Wayzata, MN	6		f	\N		0.0
69	Alex	Appel	Apple	South St. Paul, MN	4		f	\N		0.0
70	John	Mollberg	John	Farmington, MN	5		f	\N		0.0
71	Stefan	Domeier	Stiffy	Inver Grove Heights, MN	6		f	\N		0.0
72	Andrew	Lardani	Drew	Inver Grove Heights, MN	3		f	\N		0.0
73	Duane	Cloud	Bonehead	Inver Grove Heights, MN	6		f	\N		0.0
74	Ryan	Skeens	Ryan	Champlin, MN	5		f	\N		0.0
76	Andy	Alonso	Andy	Hudson, WI	4		f	\N		0.0
77	Dan	Flynn	Dan	Brooklyn Park, MN	6		f	\N		0.0
78	Mike	Lanik	Mike	Inver Grove Heights, MN	5		f	\N		0.0
80	Jordan	Ongstad	Jordan	Hudson, WI	5		f	\N		0.0
81	Luke	Ryan	Luke	South St. Paul, MN	1		f	\N		0.0
82	Ryan	Miller	Ryan	South St. Paul, MN	4		f	\N		0.0
83	Tom	Lanik	Tom	Inver Grove Heights, MN	5		f	\N		0.0
84	Jessica	Krug	Jess	Inv	5		f	\N		0.0
85	Danica	Leary	Dani	San Bernardino	6		f	\N		0.0
86	Luke	Scanlan	Soap	Golden Valley, MN	2		f	\N		0.0
87	Austin	Cherry	Saints	Inver Grove Heights, MN	4		f	\N		0.0
88	Juan	Coleman		Inver Grove Heights, MN	3		f	\N		0.0
47	Andrew	Cherry	Deano	Inver Grove Heights, MN	5	player_images/IMG_0913_picr9e	f	\N		0.0
15	Peter	Law	Pete Heat	Hopkins, MN	5	player_images/Pete_y42sxs	f	\N		0.0
14	Brian	King		Inver Grove Heights, MN	6		f	\N		0.0
7	Luke	20		St. Paul, MN	6	player_images/luke20_uldolb	f	\N		0.0
30	Jeff	Cherry	Papa Cherry	St. Paul, MN	5	player_images/Screenshot_2025-05-28_151955_qvkzk7	f	\N		0.0
61	Joe	Conley	Conley	Inver Grove Heights, MN	6	player_images/conley_ypkr7g	f	\N		0.0
5	Matthew	Daulton	Matty D	Inver Grove Heights, MN	6	player_images/IMG_E0895_zntego	f	\N		0.0
18	Ryan	Dumpprope	Dumps	South St. Paul, MN	3	player_images/IMG_2750_bfaybm	f	\N		0.0
17	Tyler	Havens	Tank	River Falls, WI	5	player_images/tank_i3zk3x	f	\N		0.0
19	Nik	Esch		Hudson, WI	6	player_images/nik2_p6cscu	f	\N		0.0
2	Ryan	Olson	Roy	Cannon Falls, Iowa	6	player_images/Screenshot_2025-05-29_214902_veqdwb	f	\N		0.0
4	Alex	Jungers	Beetle	Inver Grove Heights, MN	6	player_images/sportythedynastydoctor_ykbnqv	f	\N		0.0
38	Tyler	Ehret	Tito	Inver Grove Heights, MN	5	player_images/Screenshot_2025-05-29_215018_zyiopa	f	\N		0.0
33	Dustin	Mcintyre		Inver Grove Heights, MN	5		f	\N		0.0
55	Steve	Daulton		Inver Grove Heights, MN	6		f	\N		0.0
79	JP3	Leary		St. Paul, MN	6		f	\N		0.0
54	Luke	Christanson		Inver Grove Heights, MN	6		f	\N		0.0
63	Tony	Gubash		Inver Grove Heights, MN	6		f	\N		0.0
89	Virgil	Pawlenty	Virgin	South St. Paul, MN	6		f	\N		0.0
90	Pat	Todd		South St. Paul, MN	5		f	\N		0.0
91	Jake	Gleason		Mankato, MN	5		f	\N		0.0
92	Randy	Todd	Randy	South St. Paul, MN	6		f	\N		0.0
93	Sam	McGuire	Sam	South St. Paul, MN	4		f	\N		0.0
94	Andrew	Long	Andy	Arden Hills, MN	6		f	\N		0.0
95	Greg	Sattler		Lakeville, MN	6		f	\N		0.0
96	Ben	Winecke	Ben	Sartel, MN	4		f	\N		0.0
97	John	Grimes		St. Paul, MN	2		f	\N		0.0
98	Andrew	Ewing		Inver Grove Heights, MN	4		f	\N		0.0
99	Jordon	Meyer	Jdon	South St. Paul, MN	2		f	\N		0.0
100	Will	Lambach		Prior Lake, MN	1		f	\N		0.0
101	Will	Coonrod		Inver Grove Heights, MN	4		f	\N		0.0
102	Bobby	Zilisch		Inver Grove Heights, MN	1		f	\N		0.0
103	Johnny	Goth		Hugo, MN	4		f	\N		0.0
105	Andrew	Swanson		Inver Grove Heights, MN	4		f	\N		0.0
106	Drew	Johnson		Shakopee, MN	4		f	\N		0.0
107	Chuck	Carter	Sr.	Omaha, NE	2		f	\N		0.0
108	Nate	Asper		South St. Paul, MN	3		f	\N		0.0
109	Alex	House		Woodbury, MN	5		f	\N		0.0
110	Frank	Bevans			3		f	\N		0.0
111	Chad	Andersen		Minneapolis, MN	6		f	\N		0.0
113	Jacob	Leary		South St. Paul, MN			f	\N		0.0
114	Rhett	Kivland		Minneapolis, MN	5		f	\N		0.0
115	Jeff	Lamotte		Northfield, MN	3		f	\N		0.0
116	Tim	Foster		Rochester, MN			f	\N		0.0
117	Jesse	Linhoff		Cloquet, MN	5		f	\N		0.0
3	Jeremiah	Ballard	Commish	South St. Paul, MN	6	player_images/IMG_0857_uvefd4	f	\N		0.0
118	AJ	Page		Unknown	3		f	\N		0.0
119	JP	Credali	French	Montreal, QC	1		f	\N		0.0
120	Mitch	Ingersoll		Unknown	1		f	\N		0.0
121	PJ	Witt		South St. Paul, MN	2		f	\N		0.0
122	Nephew	Valiant		Unknown	5		f	\N		0.0
123	Tom	Valento		Unknown	2		f	\N		0.0
124	Kyle	Bylander		Unknown	1		f	\N		0.0
125	Erik	Gunderson		Unknown	1		f	\N		0.0
127	Jeremiah	Leary	Scoop	South St. Paul, MN	5		f	\N		0.0
128	Cody	Denny		Unknown	1		f	\N		0.0
129	James	Benton		Unknown	1		f	\N		0.0
130	Austin	Seman		Unknown	1		f	\N		0.0
131	Ed	Caudillo		Santa Clarita, CA	1		f	\N		0.0
132	Pat	Murphy		Unknown	1		f	\N		0.0
133	Brandon	King		Inver Grove Heights, MN	1		f	\N		0.0
134	Jen	Lamotte		Unknown	1		f	\N		0.0
135	Mama	Valiant		Unknown	4		f	\N		0.0
136	Haley	J		Unknown	1		f	\N		0.0
137	John	Deshawn		South St. Paul, MN	1		f	\N		0.0
138	Austin	Lee		Unknown	1		f	\N		0.0
139	Ben	Garvie		South St. Paul, MN	1		f	\N		0.0
140	Ty	Olson		Unknown	1		f	\N		0.0
141	Kerry	Knick		Inver Grove Heights, MN	1		f	\N		0.0
142	Jackson	Detrick		Unknown	1		f	\N		0.0
143	Tommy	Miller		Unknown	1		f	\N		0.0
144	Josh	Kellner		Unknown	1		f	\N		0.0
145	Jake	Pribble		Minneapolis, MN	1		f	\N		0.0
146	Mike	Ritter		Unknown	1		f	\N		0.0
147	Nikko	Mikacevich		South St. Paul, MN	1		f	\N		0.0
148	Eric	Kaatz		Unknown	1		f	\N		0.0
149	Jeremy	Langer		Unknown	1		f	\N		0.0
150	Shawn	Langer		Hutchinson, MN	1		f	\N		0.0
24	Charlie	Carter	Chuck	Bloomington, MN	4	player_images/charlie_zz7jkz	f	\N		0.0
51	Ryan	Cembrinski	Neighbor Bro	Buffalo, NY	3	player_images/somebrewski_b3nunl	f	\N		0.0
75	Allison	Dumpprope	Ali	South St. Paul, MN	5	player_images/AliDumps_zvjrps	f	\N		0.0
11	Benjamin-Charles	Hodge	Boneman	Inver Grove Heights, MN	6	player_images/boneman_npjfgt	f	\N		0.0
151	Collin	Gammon		Unknown	2		f	\N		0.0
152	Josh	Mathre		Unknown	2		f	\N		0.0
153	Austin	Dreher		Unknown	2		f	\N		0.0
154	Shane	Hennessey		Unknown	2		f	\N		0.0
155	Brad	Ciupik		Unknown	2		f	\N		0.0
156	Matt	Boley		Unknown	2		f	\N		0.0
157	Will	Reierson		Unknown	2		f	\N		0.0
158	Tom	Law		Golden Valley, MN	2		f	\N		0.0
104	Bobby	Murray	Stone Pony	Hastings, MN	4		f	\N		0.0
159	Brent	Heitzinger		Unknown	2		f	\N		0.0
160	Elliott	Gonsioroski		Inver Grove Heights, MN	3		f	\N		0.0
161	Owen	Tallage		Unknown	2		f	\N		0.0
162	Nate	Leary		Unknown	2		f	\N		0.0
163	Pat	Leary	Uncle	Unknown	2		f	\N		0.0
164	Derrek	Mikacevich		Inver Grove Heights, MN	2		f	\N		0.0
165	Ben	Freese		Unknown	3		f	\N		0.0
166	Joe	Silva		Inver Grove Heights, MN	3		f	\N		0.0
167	Ciara	Doe		Unknown	3		f	\N		0.0
168	Nick	Bertram		Unknown	3		f	\N		0.0
169	Mason	Walters		Unknown	3		f	\N		0.0
170	Spencer	Conrad		Unknown	3		f	\N		0.0
171	John	Madison		South St. Paul, MN	3		f	\N		0.0
172	Anthony	F		Unknown	3		f	\N		0.0
173	Ian	Rock		Inver Grove Heights, MN	3		f	\N		0.0
174	Jordan	Cross		Unknown	3		f	\N		0.0
175	Josh	Daulton		Inver Grove Heights, MN	3		f	\N		0.0
176	Justin	Leary		South St. Paul, MN	3		f	\N		0.0
177	Brandon	Dahlin		Unknown	4		f	\N		0.0
178	Willie	Faricy		Unknown	4		f	\N		0.0
179	Zach	Remringer		Unknown	4		f	\N		0.0
180	Jordan	Kordosky		Unknown	4		f	\N		0.0
181	Tyler	Rock		Inver Grove Heights, MN	4		f	\N		0.0
182	Hunter	Von Wald		Unknown	4		f	\N		0.0
183	Kurtis	Julson		Inver Grove Heights, MN	4		f	\N		0.0
184	Ross	Debilzan		Unknown	4		f	\N		0.0
185	Jon	Reckinger		Unknown	4		f	\N		0.0
186	Kayla	Ampe		Unknown	4		f	\N		0.0
187	Nate	Rank		Inver Grove Heights, MN	4		f	\N		0.0
188	Kyle	Horsch		Inver Grove Heights, MN	4		f	\N		0.0
189	Al	Cherry		Inver Grove Heights, MN	4		f	\N		0.0
190	Al	Bundle		Unknown	4		f	\N		0.0
191	Jake	Labernik		Unknown	4		f	\N		0.0
192	Dan	Wemhoff		Unknown	5		f	\N		0.0
193	Jake	Short		Inver Grove Heights, MN	5		f	\N		0.0
194	Billy	Krodel		South St. Paul, MN	5		f	\N		0.0
195	Ryan	Joyce		Unknown	5		f	\N		0.0
196	JP	Larson		Inver Grove Heights, MN	5		f	\N		0.0
197	Andy	Long		Unknown	5		f	\N		0.0
198	Kyle	Wagner		Unknown	5		f	\N		0.0
199	Peter	Hoistad		Unknown	5		f	\N		0.0
200	Ben	Bakk		Unknown	5		f	\N		0.0
201	Scott	Kadlec		Unknown	5		f	\N		0.0
202	Kyle	Gliva		Inver Grove Heights, MN	5		f	\N		0.0
203	Jesse	Gunderman		Inver Grove Heights, MN	5		f	\N		0.0
204	Dalton	Bettin		Unknown	5		f	\N		0.0
205	Ryan	Conway		Unknown	5		f	\N		0.0
206	Paul	Kessler		Inver Grove Heights, MN	5		f	\N		0.0
207	Dave	Kelly		Unknown	5		f	\N		0.0
208	Jalen	Heyer		Unknown	5		f	\N		0.0
209	Jennifer	Leary		Unknown	5		f	\N		0.0
210	Andy	Cornell		Inver Grove Heights, MN	5		f	\N		0.0
211	Zach	Braun		Unknown	5		f	\N		0.0
212	Ron	Opine		Unknown	5		f	\N		0.0
213	Tim	Lauer		Unknown	5		f	\N		0.0
214	Paul	Conlin		Unknown	5		f	\N		0.0
215	Wayne	Lopez		Unknown	5		f	\N		0.0
216	Keith	Jensen		Unknown	5		f	\N		0.0
217	Macy	Sherwin		Unknown	5		f	\N		0.0
218	Jonny	Hoffer		Unknown	5		f	\N		0.0
219	BJ	Sage		Inver Grove Heights, MN	6		f	\N		0.0
220	Jeremy	Humenney		Inver Grove Heights, MN	6		f	\N		0.0
221	Jake	Deutsch		Unknown	6		f	\N		0.0
222	Tyler	Howard		Inver Grove Heights, MN	6		f	\N		0.0
223	Justin	Adams		Unknown	6		f	\N		0.0
224	Justin	Mikel		Inver Grove Heights, MN	6		f	\N		0.0
225	Blake	Lehner		Chaska, MN	6		f	\N		0.0
226	Wes	Ahlers		Unknown	6		f	\N		0.0
227	Jordan	Folstad		Unknown	6		f	\N		0.0
228	Brian	Nelson		Unknown	6		f	\N		0.0
229	Jeff	Nelson		Unknown	6		f	\N		0.0
230	Kevin	Olson		Unknown	6		f	\N		0.0
231	Dan	Malone		Unknown	6		f	\N		0.0
232	Darin	Pederson		Unknown	6		f	\N		0.0
233	Sean	McCauley		Unknown	6		f	\N		0.0
234	Ray	Lissy		Unknown	6		f	\N		0.0
235	Kenny	Dumpprope		South St. Paul, MN	6		f	\N		0.0
236	Peter	Ronaldo		Unknown	6		f	\N		0.0
237	Dave	Benson		Unknown	6		f	\N		0.0
238	Will	Sullivan		Unknown	6		f	\N		0.0
239	Tyler	Robinson		Inver Grove Heights, MN	6		f	\N		0.0
240	Luke	Boehm		Inver Grove Heights, MN	6		f	\N		0.0
241	Grant	Wolter		Unknown	6		f	\N		0.0
242	Brandon	Lick		Unknown	6		f	\N		0.0
243	Marc	Drexl		Unknown	6		f	\N		0.0
244	Max	Drexl		Unknown	6		f	\N		0.0
245	Manny	Krug		Unknown	6		f	\N		0.0
246	Mike	Diamond		Unknown	7		f	\N		0.0
247	Tim	Price		Unknown	7`		f	\N		0.0
248	Red	John		Cannon Falls, Iowa	7		f	\N		0.0
249	Peter	Bachman		South St. Paul, MN	7		f	\N		0.0
250	Dan	Rangitsch		Inver Grove Heights, MN	7		f	\N		0.0
251	Nick	Schwartz		Unknown	7		f	\N		0.0
252	Luke	Nilles		Unknown	7		f	\N		0.0
253	Justin	Ogg		Unknown	7		f	\N		0.0
254	Trevor	Mikacevich		South St. Paul, MN	7		f	\N		0.0
255	Paul	Jarvis		Unknown	7		f	\N		0.0
256	Tim	Olsen		Unknown	7		f	\N		0.0
257	Mike	Schmitz		Unknown	7		f	\N		0.0
258	Don	Machacek		Unknown	7		f	\N		0.0
259	Joe	Machacek		Unknown	7		f	\N		0.0
260	Nick	Wallerich		Unknown	7		f	\N		0.0
261	Eric	Jones		Inver Grove Heights, MN	7		f	\N		0.0
262	Kevin	Higgins		Unknown	7		f	\N		0.0
263	Chad	Hertaus			7		f	\N		0.0
264	Jarod	Gilb		Unknown	7		f	\N		0.0
265	Shane	McCallum		South St. Paul, MN	7		f	\N		0.0
266	Darren	Siebert		Unknown	7		f	\N		0.0
267	Andrew	Sands		Unknown	7		f	\N		0.0
268	Adam	Arcand		Unknown	7		f	\N		0.0
269	Chaz	Lasch					f	\N		0.0
270	Jason	Booth		Unknown	7		f	\N		0.0
112	Mike	Easthouse		Minneapolis, MN	6		f	\N		0.0
271	Damon	Nesselrodt		Unknown	7		f	\N		0.0
272	Terry	Lambert		Unknown	7		f	\N		0.0
273	Nick	Alban		Unknown	7		f	\N		0.0
\.


--
-- Data for Name: results_event; Type: TABLE DATA; Schema: public; Owner: bgaapp
--

COPY public.results_event (id, name, date, course_name, is_team_event, notes, season, is_major, major_label, finalized) FROM stdin;
10	2-Man Scramble	2025-05-31	Jungle Juice Open	t		2025	f		f
16	2-Man Scramble	2025-07-26	Matty D Invitational	t		2025	f		f
26	2-Man Scramble	2025-10-18	Loggers Trail	t	$xx  10-10:50  Tim	2025	f		f
55	2-Man Scramble	2023-07-22	Links at Northfork	t		2023	f		t
4	2-Man Scramble	2025-04-12	Oak Glen	t	$52, cart  10-10:50 (28ppl)  Sydney & Jason	2025	f		t
5	2-Man Scramble	2025-04-19	River Oaks	t	$xx  10-10:50 (28ppl)  Dennis Neitz	2025	f		t
6	2-Man Scramble	2025-04-26	Loggers Trail	t	$xx  9:00-9:50 (28ppl)  Tim	2025	f		t
37	2-Man Scramble	2024-06-29	River Oaks	t		2024	f		t
25	4-Man Scramble	2025-10-04	Loggers Trail	t	$xx  10-10:50  Tim	2025	f		t
7	2-Man Scramble	2025-05-03	Loggers Trail	t	$xx  9:00-9:50 (28ppl)  Tim	2025	f		t
8	2-Man Scramble	2025-05-10	Eagle Valley	t	$69, cart, range  10:30-11:30 (28ppl)  Josh Schroetter	2025	f		t
35	Major Tournament	2024-05-18	Troy Burne	f		2024	t	BGA Masters	t
11	2-Man Scramble	2025-06-14	Victory Links	t	$89, cart  8:30-9:20 (28ppl)  Tom Kirkland	2025	f		t
9	Major Tournament	2025-05-17	Troy Burne	f	$110, cart, range  10-11:30 (40ppl)  Dave Tentis	2025	t	BGA Masters	t
12	Major Tournament	2025-06-21	The Wilds	f	$95, cart, range  1:00-2:20 (36ppl)  Pierson Pass	2025	t	BGA Championship	t
56	Major Tournament	2023-08-05	White Eagle	f		2023	t	BGA US Open	t
13	2-Man Scramble	2025-06-28	Oak Marsh	t	$xx  9:10-10:10 (28ppl)  Steve Whillock	2025	f		t
14	2-Man Scramble	2025-07-12	White Eagle	t	$xx  8:50-9:50 (28ppl)  Scott Landin	2025	f		t
15	2-Man Scramble	2025-07-19	Bellwood Oaks	t	$xx  ?????  Mike Krug	2025	f		t
17	2-Man Scramble	2025-08-02	Links at Northfork	t	$xx  9:00-9:50 (28ppl)  Nicki Maling	2025	f		t
19	Major Tournament	2025-08-16	Meadows at Mystic Lake	f	$110, cart, prepay  12:00-1:00 (28ppl)  Chris Olson	2025	t		t
21	2-Man Scramble	2025-09-06	Willingers	t	$85, cart, range  9:00-9:50 (28ppl)  Eddie Dennis	2025	f		t
29	2-Man Scramble	2024-03-09	Oak Glen	t		2024	f		t
38	Major Tournament	2024-07-13	Willingers	f		2024	t	BGA Championship	t
30	2-Man Scramble	2024-04-06	Loggers Trail	t		2024	f		t
31	2-Man Scramble	2024-04-13	River Oaks	t		2024	f		t
32	2-Man Scramble	2024-04-20	Loggers Trail	t		2024	f		t
33	2-Man Scramble	2024-05-04	New Richmond Golf Club	t		2024	f		t
34	2-Man Scramble	2024-05-11	Loggers Trail	t		2024	f		t
57	2-Man Scramble	2023-08-12	Pheasant Hills	t		2023	f		t
36	2-Man Scramble	2024-05-25	Cannon Golf Club	t		2024	f		t
39	2-Man Scramble	2024-07-20	Bellwood Oaks	t		2024	f		t
40	Major Tournament	2024-08-03	Victory Links	f		2024	t	BGA British Open	t
41	2-Man Scramble	2024-08-24	White Eagle	t		2024	f		t
42	2-Man Scramble	2024-09-14	Pheasant Hills	t		2024	f		t
43	Major Tournament	2024-09-21	Links at Northfork	f		2024	t	BGA British Open	t
58	2-Man Scramble	2023-08-19	Hidden Greens	t		2023	f		t
44	4-Man Scramble	2024-10-05	Loggers Trail	t		2024	f		t
45	2-Man Scramble	2024-10-19	Loggers Trail	t		2024	f		t
46	2-Man Scramble	2024-11-02	Hidden Greens	t		2024	f		t
47	2-Man Scramble	2023-04-15	Kilkarney	t		2023	f		t
48	2-Man Scramble	2023-04-22	Clifton Highlands	t		2023	f		t
49	2-Man Scramble	2023-05-06	Loggers Trail	t		2023	f		t
59	2-Man Scramble	2023-09-09	Oak Marsh	t		2023	f		t
50	2-Man Scramble	2023-05-13	Loggers Trail	t		2023	f		t
51	Major Tournament	2023-05-20	Troy Burne	f		2023	t	BGA Masters	t
52	2-Man Scramble	2023-06-17	Victory Links	t		2023	f		t
53	2-Man Scramble	2023-06-24	Willingers	t		2023	f		t
23	Major Tournament	2025-09-20	Keller Golf Club	f	TBD	2025	t	BGA British Open	t
54	Major Tournament	2023-07-08	The Jewel	f		2023	t	BGA Championship	t
60	2-Man Scramble	2023-09-16	The Refuge	t		2023	f		t
61	Major Tournament	2023-09-23	Royal Golf Club	f		2023	t	BGA British Open	t
62	2-Man Scramble	2023-09-30	Boulder Pointe	t		2023	f		t
63	4-Man Scramble	2023-10-07	Loggers Trail	t		2023	f		t
64	2-Man Scramble	2023-11-04	Oak Glen	t		2023	f		t
65	4-Man Scramble	2023-04-29	Loggers Trail	t		2023	f		f
66	2-Man Scramble	2022-04-02	Emerald Greens Silver	t		2022	f		t
67	2-Man Scramble	2022-04-09	Oak Glen	t		2022	f		t
68	2-Man Scramble	2022-04-16	Loggers Trail	t		2022	f		t
69	2-Man Scramble	2022-04-23	Loggers Trail	t		2022	f		t
70	Major Tournament	2022-04-30	Troy Burne	f		2022	t	BGA Masters	t
71	2-Man Scramble	2022-05-07	The Wilds	t		2022	f		t
72	2-Man Scramble	2022-05-15	Edinburgh	t		2022	f		t
73	2-Man Scramble	2022-05-21	Willingers	t		2022	f		t
74	2-Man Scramble	2022-06-18	Victory Links	t		2022	f		t
75	Major Tournament	2022-06-25	Legends Golf Club	f		2022	t	BGA Championship	t
76	2-Man Scramble	2022-07-10	Keller Golf Club	t		2022	f		t
77	2-Man Scramble	2022-07-16	White Eagle	t		2022	f		t
78	2-Man Scramble	2022-08-07	River Oaks	t		2022	f		t
79	2-Man Scramble	2022-08-13	Oak Marsh	t		2022	f		t
81	2-Man Scramble	2022-09-10	Refuge	t		2022	f		t
80	Major Tournament	2022-08-27	Prestwick	f		2022	t	BGA US Open	t
82	2-Man Scramble	2022-09-17	Bristol Ridge	t		2022	f		t
83	Major Tournament	2022-09-24	Links at Northfork	f		2022	t	BGA British Open	t
84	2-Man Scramble	2022-10-01	Clifton Highlands	t		2022	f		t
85	4-Man Scramble	2022-10-08	Loggers Trail	t		2022	f		t
86	2-Man Scramble	2022-10-22	Loggers Trail	t		2022	f		t
87	2-Man Scramble	2022-10-29	Pheasant Hills	t		2022	f		t
88	2-Man Scramble	2021-03-20	Oak Marsh	t		2021	f		t
89	2-Man Scramble	2021-03-27	Loggers Trail	t		2021	f		t
28	2-Man Scramble	2019-04-20	Hidden Greens	t		2019	f		t
90	2-Man Scramble	2021-04-03	Loggers Trail	t		2021	f		t
91	2-Man Scramble	2021-04-10	Loggers Trail	t		2021	f		t
92	2-Man Scramble	2021-04-17	Oak Marsh	t		2021	f		t
93	2-Man Scramble	2021-04-24	Oak Glen	t		2021	f		t
94	Major Tournament	2021-05-01	Troy Burne	f		2021	t	BGA Masters	t
95	2-Man Scramble	2021-05-08	White Eagle	t		2021	f		t
96	2-Man Scramble	2021-05-16	Hidden Greens	t		2021	f		t
97	2-Man Scramble	2021-05-22	New Richmond Golf Club	t		2021	f		t
98	2-Man Scramble	2021-06-13	St. Croix National	t		2021	f		t
99	2-Man Scramble	2021-06-19	Bristol Ridge	t		2021	f		t
100	Major Tournament	2021-06-26	Victory Links	f		2021	t	BGA Championship	t
101	2-Man Scramble	2021-07-10	Clifton Highlands	t		2021	f		t
102	2-Man Scramble	2021-07-17	River Oaks	t		2021	f		t
103	2-Man Scramble	2021-07-25	Loggers Trail	t		2021	f		t
104	2-Man Scramble	2021-08-08	Heritage Links	t		2021	f		t
105	2-Man Scramble	2021-08-14	Pheasant Hills	t		2021	f		t
106	Major Tournament	2021-08-21	Meadows at Mystic Lake	f		2021	t	BGA US Open	t
107	2-Man Scramble	2021-08-28	The Wilds	t		2021	f		t
108	2-Man Scramble	2021-09-11	Loggers Trail	t		2021	f		t
109	2-Man Scramble	2021-09-18	Links at Northfork	t		2021	f		t
110	Major Tournament	2021-09-25	Royal Golf Club	f		2021	t	BGA British Open	t
111	2-Man Scramble	2021-10-02	Bellwood Oaks	t		2021	f		t
112	4-Man Scramble	2021-10-09	Loggers Trail	t		2021	f		t
113	2-Man Scramble	2021-10-16	Loggers Trail	t		2021	f		t
114	2-Man Scramble	2021-10-30	Loggers Trail	t		2021	f		t
115	2-Man Scramble	2021-11-06	Hidden Greens	t		2021	f		t
116	2-Man Scramble	2020-03-15	Stonebrooke	t		2020	f		t
117	2-Man Scramble	2020-04-18	Loggers Trail	t		2020	f		t
118	2-Man Scramble	2020-04-25	Loggers Trail	t		2020	f		t
119	2-Man Scramble	2020-05-02	Oak Marsh	t		2020	f		t
120	2-Man Scramble	2020-05-09	The Wilds	t		2020	f		t
121	Major Tournament	2020-05-16	Troy Burne	f		2020	t	BGA Masters	t
122	2-Man Scramble	2020-05-31	Willingers	t		2020	f		t
123	2-Man Scramble	2020-06-13	Clifton Highlands	t		2020	f		t
124	2-Man Scramble	2020-06-20	Stonebrooke	t		2020	f		t
125	2-Man Scramble	2020-06-27	Gopher Hills	t		2020	f		t
126	Major Tournament	2020-07-11	The Jewel	f		2020	t	BGA Championship	t
127	2-Man Scramble	2020-07-18	Oak Glen	t		2020	f		t
128	2-Man Scramble	2020-07-25	The Refuge	t		2020	f		t
129	2-Man Scramble	2020-08-01	Hastings Golf Club	t		2020	f		t
130	2-Man Scramble	2020-08-08	Southern Hills	t		2020	f		t
131	2-Man Scramble	2020-08-22	Victory Links	t		2020	f		t
132	Major Tournament	2020-08-29	Royal Golf Club	f		2020	t	BGA US Open	t
133	2-Man Scramble	2020-09-12	Bluff Creek	t		2020	f		t
134	2-Man Scramble	2020-09-19	Boulder Pointe	t		2020	f		t
135	Major Tournament	2020-09-26	Stoneridge	f		2020	t	BGA British Open	t
136	2-Man Scramble	2020-10-03	River Oaks	t		2020	f		t
137	4-Man Scramble	2020-10-10	Loggers Trail	t		2020	f		t
138	2-Man Scramble	2020-10-17	White Eagle	t		2020	f		t
139	2-Man Scramble	2020-11-28	Kilkarney	t		2020	f		t
140	2-Man Scramble	2019-04-28	Emerald Greens Gold	t		2019	f		t
141	2-Man Scramble	2019-05-04	Oak Marsh	t		2019	f		t
142	2-Man Scramble	2019-05-11	Kilkarney	t		2019	f		t
152	2-Man Scramble	2019-08-03	The Summit	t		2019	f		t
143	4-Man Scramble	2019-05-26	Pheasant Hills	t		2019	f		t
144	2-Man Scramble	2019-06-01	Gopher Hills	t		2019	f		t
145	2-Man Scramble	2019-06-15	Clifton Hollow	t		2019	f		t
146	Major Tournament	2019-06-22	Majestic Oaks	f		2019	t	BGA Masters	t
147	2-Man Scramble	2019-06-30	Stillwater Oaks	t		2019	f		t
148	2-Man Scramble	2019-07-06	Bellwood Oaks	t		2019	f		t
149	4-Man Scramble	2019-07-13	Mississippi National Highlands	t		2019	f		t
150	2-Man Scramble	2019-07-20	Chomonix	t		2019	f		t
151	Major Tournament	2019-07-27	Dahlgreen	f		2019	t	BGA Championship	t
153	2-Man Scramble	2019-08-10	Southern Hills	t		2019	f		t
154	Major Tournament	2019-08-17	Legends Golf Club	f		2019	t	BGA US Open	t
155	2-Man Scramble	2019-08-25	Oak Glen	t		2019	f		t
156	2-Man Scramble	2019-09-14	Cannon Golf Club	t		2019	f		t
157	Major Tournament	2019-09-21	Troy Burne	f		2019	t	BGA British Open	t
158	2-Man Scramble	2019-09-28	Tanners Brook	t		2019	f		t
159	2-Man Scramble	2019-10-19	Highland National	t		2019	f		t
160	4-Man Scramble	2019-10-26	River Oaks	t		2019	f		t
161	2-Man Scramble	2019-05-18	Loggers Trail	t		2019	f		t
\.


--
-- Data for Name: results_score; Type: TABLE DATA; Schema: public; Owner: bgaapp
--

COPY public.results_score (id, score, to_par, placement, event_id, fourth_player_id, player_id, teammate_id, third_player_id) FROM stdin;
2	75.00	3.00	2	28	\N	28	14	\N
3	81.00	9.00	3	28	\N	18	3	\N
4	82.00	10.00	4	28	\N	11	5	\N
92	76.00	4.00	4	8	\N	22	14	\N
7	80.00	8.00	3	23	\N	27	\N	\N
99	79.00	7.00	11	8	\N	130	13	\N
66	64.00	-8.00	3	25	60	46	6	45
46	77.00	5.00	2	5	\N	6	22	\N
8	81.00	9.00	4	23	\N	15	\N	\N
55	69.00	-3.00	1	6	\N	15	12	\N
68	70.00	-2.00	11	25	11	3	4	41
57	76.00	4.00	3	6	\N	14	3	\N
72	62.00	-10.00	2	25	57	17	51	40
67	65.00	-7.00	4	25	30	14	18	61
76	70.00	-2.00	1	7	\N	46	17	\N
17	87.00	15.00	11	23	\N	5	\N	\N
19	89.00	17.00	15	23	\N	7	\N	\N
22	91.00	19.00	16	23	\N	120	\N	\N
18	88.00	16.00	14	23	\N	8	\N	\N
20	91.00	19.00	16	23	\N	14	\N	\N
21	91.00	19.00	16	23	\N	26	\N	\N
23	94.00	22.00	19	23	\N	16	\N	\N
27	97.00	25.00	22	23	\N	12	\N	\N
26	97.00	25.00	22	23	\N	19	\N	\N
32	98.00	26.00	24	23	\N	122	\N	\N
29	99.00	27.00	25	23	\N	81	\N	\N
30	100.00	28.00	27	23	\N	2	\N	\N
28	99.00	27.00	25	23	\N	30	\N	\N
31	107.00	35.00	28	23	\N	23	\N	\N
73	66.00	-6.00	5	25	127	8	13	47
6	76.00	4.00	2	23	\N	64	\N	\N
1	73.00	1.00	1	28	\N	21	23	\N
9	82.00	10.00	5	23	\N	6	\N	\N
74	66.00	-6.00	5	25	99	20	19	119
70	67.00	-5.00	8	25	2	24	32	22
75	67.00	-5.00	8	25	33	5	16	98
69	68.00	-4.00	10	25	88	15	12	38
10	83.00	11.00	6	23	\N	17	\N	\N
11	84.00	12.00	7	23	\N	118	\N	\N
12	85.00	13.00	8	23	\N	46	\N	\N
79	74.00	2.00	4	7	\N	12	96	\N
13	85.00	13.00	8	23	\N	20	\N	\N
14	86.00	14.00	10	23	\N	119	\N	\N
16	87.00	15.00	11	23	\N	9	\N	\N
15	87.00	15.00	11	23	\N	3	\N	\N
24	95.00	23.00	20	23	\N	4	\N	\N
25	96.00	24.00	21	23	\N	121	\N	\N
58	76.00	4.00	3	6	\N	60	6	\N
59	78.00	6.00	5	6	\N	22	17	\N
61	79.00	7.00	6	6	\N	20	19	\N
60	79.00	7.00	6	6	\N	27	7	\N
62	80.00	8.00	8	6	\N	5	16	\N
63	83.00	11.00	9	6	\N	11	2	\N
64	85.00	13.00	10	6	\N	33	41	\N
5	74.00	2.00	1	23	\N	106	\N	\N
77	72.00	0.00	2	7	\N	20	3	\N
91	76.00	4.00	4	8	\N	99	34	\N
47	77.00	5.00	2	5	\N	12	64	\N
54	79.00	7.00	4	5	\N	20	5	\N
36	73.00	1.00	3	4	\N	30	5	\N
35	73.00	1.00	3	4	\N	11	8	\N
38	74.00	2.00	6	4	\N	20	26	\N
37	73.00	1.00	3	4	\N	19	24	\N
40	77.00	5.00	7	4	\N	123	36	\N
41	79.00	7.00	9	4	\N	13	2	\N
39	77.00	5.00	7	4	\N	12	3	\N
43	81.00	9.00	10	4	\N	86	124	\N
44	82.00	10.00	12	4	\N	35	69	\N
42	81.00	9.00	10	4	\N	27	22	\N
45	72.00	0.00	1	5	\N	15	8	\N
78	73.00	1.00	3	7	\N	16	8	\N
51	82.00	10.00	5	5	\N	13	11	\N
52	82.00	10.00	5	5	\N	81	121	\N
53	82.00	10.00	5	5	\N	26	31	\N
50	83.00	11.00	8	5	\N	30	56	\N
49	89.00	17.00	9	5	\N	7	3	\N
48	90.00	18.00	10	5	\N	2	88	\N
56	74.00	2.00	2	6	\N	35	125	\N
71	66.00	-6.00	5	25	10	64	36	81
33	68.00	-4.00	1	4	\N	15	47	\N
34	72.00	0.00	2	4	\N	7	64	\N
81	75.00	3.00	5	7	\N	121	35	\N
80	75.00	3.00	5	7	\N	36	9	\N
82	76.00	4.00	7	7	\N	31	5	\N
83	77.00	5.00	8	7	\N	34	7	\N
84	77.00	5.00	8	7	\N	128	123	\N
85	78.00	6.00	10	7	\N	15	2	\N
86	80.00	8.00	11	7	\N	30	11	\N
87	84.00	12.00	12	7	\N	129	13	\N
65	61.00	-11.00	1	25	26	27	106	7
90	75.00	3.00	3	8	\N	24	17	\N
189	77.00	5.00	7	14	\N	14	9	\N
123	93.00	21.00	20	9	\N	99	\N	\N
190	79.00	7.00	8	14	\N	2	27	\N
191	83.00	11.00	10	14	\N	139	121	\N
144	83.00	11.00	1	12	\N	8	\N	\N
181	71.00	-1.00	1	13	\N	64	137	\N
94	77.00	5.00	6	8	\N	64	20	\N
134	72.00	0.00	2	11	\N	3	6	\N
124	93.00	21.00	20	9	\N	12	\N	\N
126	97.00	25.00	23	9	\N	131	\N	\N
127	98.00	26.00	24	9	\N	11	\N	\N
129	99.00	27.00	25	9	\N	36	\N	\N
128	99.00	27.00	25	9	\N	98	\N	\N
135	73.00	1.00	3	11	\N	27	64	\N
137	73.00	1.00	3	11	\N	104	20	\N
130	100.00	28.00	27	9	\N	2	\N	\N
136	73.00	1.00	3	11	\N	36	9	\N
188	75.00	3.00	4	14	\N	138	7	\N
138	77.00	5.00	6	11	\N	4	7	\N
131	102.00	30.00	28	9	\N	4	\N	\N
132	108.00	36.00	29	9	\N	56	\N	\N
139	78.00	6.00	7	11	\N	31	132	\N
95	77.00	5.00	6	8	\N	5	55	\N
93	77.00	5.00	6	8	\N	11	3	\N
97	78.00	6.00	9	8	\N	12	30	\N
96	78.00	6.00	9	8	\N	81	4	\N
98	79.00	7.00	11	8	\N	18	27	\N
101	83.00	11.00	13	8	\N	47	87	\N
102	84.00	12.00	14	8	\N	2	7	\N
145	84.00	12.00	2	12	\N	3	\N	\N
140	79.00	7.00	8	11	\N	12	2	\N
141	83.00	11.00	9	11	\N	14	133	\N
142	84.00	12.00	10	11	\N	81	\N	\N
185	74.00	2.00	1	14	\N	98	5	\N
146	85.00	13.00	3	12	\N	31	\N	\N
147	86.00	14.00	4	12	\N	17	\N	\N
187	75.00	3.00	4	14	\N	15	31	\N
148	87.00	15.00	5	12	\N	36	\N	\N
184	74.00	2.00	1	14	\N	20	22	\N
149	87.00	15.00	5	12	\N	12	\N	\N
150	89.00	17.00	7	12	\N	14	\N	\N
151	89.00	17.00	7	12	\N	115	\N	\N
152	90.00	18.00	9	12	\N	15	\N	\N
155	91.00	19.00	10	12	\N	26	\N	\N
153	91.00	19.00	10	12	\N	22	\N	\N
154	91.00	19.00	10	12	\N	27	\N	\N
157	93.00	21.00	13	12	\N	4	\N	\N
156	93.00	21.00	13	12	\N	24	\N	\N
159	94.00	22.00	15	12	\N	60	\N	\N
158	94.00	22.00	15	12	\N	13	\N	\N
161	95.00	23.00	17	12	\N	86	\N	\N
162	95.00	23.00	17	12	\N	61	\N	\N
163	96.00	24.00	19	12	\N	7	\N	\N
164	97.00	25.00	20	12	\N	61	\N	\N
165	99.00	27.00	21	12	\N	2	\N	\N
166	101.00	29.00	22	12	\N	23	\N	\N
167	104.00	32.00	23	12	\N	41	\N	\N
168	106.00	34.00	24	12	\N	56	\N	\N
169	111.00	39.00	25	12	\N	134	\N	\N
171	122.00	50.00	27	12	\N	135	\N	\N
172	122.00	50.00	27	12	\N	136	\N	\N
170	121.00	49.00	26	12	\N	10	\N	\N
173	71.00	-3.00	1	13	\N	104	20	\N
186	75.00	3.00	4	14	\N	64	4	\N
133	70.00	-2.00	1	11	\N	24	15	\N
112	87.00	15.00	6	9	\N	17	\N	\N
88	73.00	1.00	1	8	\N	15	16	\N
182	73.00	1.00	3	13	\N	121	14	\N
179	78.00	6.00	4	13	\N	15	81	\N
177	79.00	7.00	5	13	\N	12	4	\N
113	87.00	15.00	6	9	\N	7	\N	\N
178	79.00	7.00	5	13	\N	30	7	\N
175	81.00	9.00	7	13	\N	26	56	\N
174	84.00	12.00	8	13	\N	2	22	\N
197	71.00	-1.00	2	15	\N	5	3	\N
89	73.00	1.00	1	8	\N	19	49	\N
103	78.00	6.00	1	9	\N	3	\N	\N
104	82.00	10.00	2	9	\N	64	\N	\N
106	83.00	11.00	3	9	\N	61	\N	\N
105	83.00	11.00	3	9	\N	14	\N	\N
107	86.00	14.00	5	9	\N	27	\N	\N
109	87.00	15.00	6	9	\N	20	\N	\N
108	87.00	15.00	6	9	\N	15	\N	\N
110	87.00	15.00	6	9	\N	9	\N	\N
111	87.00	15.00	6	9	\N	9	\N	\N
114	88.00	16.00	12	9	\N	31	\N	\N
117	90.00	18.00	13	9	\N	19	\N	\N
116	90.00	18.00	13	9	\N	26	\N	\N
118	90.00	18.00	13	9	\N	119	\N	\N
115	90.00	18.00	13	9	\N	8	\N	\N
119	91.00	19.00	17	9	\N	5	\N	\N
121	92.00	20.00	18	9	\N	13	\N	\N
120	92.00	20.00	18	9	\N	22	\N	\N
122	93.00	21.00	20	9	\N	24	\N	\N
253	73.00	1.00	1	29	\N	32	15	\N
195	79.00	7.00	8	14	\N	13	30	\N
193	85.00	13.00	11	14	\N	141	66	\N
192	92.00	20.00	12	14	\N	140	130	\N
213	79.00	7.00	2	19	\N	20	\N	\N
277	70.00	-2.00	2	31	\N	7	64	\N
254	74.00	2.00	3	29	\N	4	24	\N
255	75.00	3.00	4	29	\N	12	3	\N
256	76.00	4.00	5	29	\N	64	81	\N
261	76.00	4.00	5	29	\N	151	20	\N
257	77.00	5.00	7	29	\N	6	39	\N
258	78.00	6.00	8	29	\N	7	29	\N
259	81.00	9.00	9	29	\N	17	18	\N
260	82.00	10.00	10	29	\N	21	14	\N
183	74.00	2.00	1	14	\N	12	6	\N
263	73.00	1.00	1	30	\N	12	5	\N
262	73.00	1.00	1	30	\N	64	6	\N
265	74.00	2.00	3	30	\N	15	7	\N
204	69.00	-3.00	1	17	\N	3	96	\N
264	74.00	2.00	3	30	\N	51	20	\N
205	71.00	-1.00	2	17	\N	64	9	\N
206	71.00	-1.00	2	17	\N	46	119	\N
207	72.00	0.00	4	17	\N	4	20	\N
208	74.00	2.00	5	17	\N	18	15	\N
210	75.00	3.00	6	17	\N	2	33	\N
209	75.00	3.00	6	17	\N	5	16	\N
211	76.00	4.00	8	17	\N	145	27	\N
198	71.00	-1.00	2	15	\N	4	2	\N
199	71.00	-1.00	2	15	\N	36	64	\N
200	74.00	2.00	5	15	\N	142	32	\N
201	76.00	4.00	6	15	\N	143	144	\N
202	80.00	8.00	7	15	\N	16	55	\N
203	81.00	9.00	8	15	\N	19	31	\N
252	73.00	1.00	1	29	\N	26	9	\N
266	77.00	5.00	5	30	\N	24	11	\N
267	77.00	5.00	5	30	\N	41	4	\N
268	79.00	7.00	7	30	\N	2	3	\N
269	80.00	8.00	8	30	\N	14	39	\N
270	80.00	8.00	8	30	\N	13	22	\N
271	83.00	11.00	10	30	\N	76	19	\N
272	87.00	15.00	11	30	\N	26	56	\N
273	88.00	16.00	12	30	\N	18	75	\N
274	94.00	22.00	13	30	\N	46	\N	\N
278	70.00	-2.00	2	31	\N	31	69	\N
276	70.00	-2.00	2	31	\N	99	9	\N
279	71.00	-1.00	5	31	\N	20	39	\N
280	74.00	2.00	6	31	\N	17	19	\N
239	100.00	28.00	27	19	\N	27	\N	\N
240	101.00	29.00	29	19	\N	22	\N	\N
281	75.00	3.00	7	31	\N	11	3	\N
283	76.00	4.00	8	31	\N	8	52	\N
282	76.00	4.00	8	31	\N	5	2	\N
284	76.00	4.00	8	31	\N	12	38	\N
285	77.00	5.00	11	31	\N	87	4	\N
300	90.00	18.00	11	32	\N	42	154	\N
241	102.00	30.00	30	19	\N	52	\N	\N
196	69.00	-3.00	1	15	\N	20	15	\N
214	82.00	10.00	3	19	\N	15	\N	\N
215	82.00	10.00	3	19	\N	46	\N	\N
242	102.00	30.00	30	19	\N	106	\N	\N
216	83.00	11.00	5	19	\N	17	\N	\N
217	85.00	13.00	6	19	\N	5	\N	\N
243	85.00	13.00	6	19	\N	4	\N	\N
218	86.00	14.00	8	19	\N	64	\N	\N
221	87.00	15.00	9	19	\N	96	\N	\N
220	87.00	15.00	9	19	\N	99	\N	\N
219	87.00	15.00	9	19	\N	8	\N	\N
223	88.00	16.00	12	19	\N	9	\N	\N
225	88.00	16.00	12	19	\N	146	\N	\N
234	933.00	861.00	32	19	\N	12	\N	\N
222	88.00	16.00	12	19	\N	6	\N	\N
212	78.00	6.00	1	19	\N	119	\N	\N
224	88.00	16.00	12	19	\N	3	\N	\N
226	88.00	16.00	12	19	\N	26	\N	\N
229	89.00	17.00	17	19	\N	147	\N	\N
228	89.00	17.00	17	19	\N	19	\N	\N
227	89.00	17.00	17	19	\N	14	\N	\N
230	90.00	18.00	20	19	\N	24	\N	\N
231	91.00	19.00	21	19	\N	121	\N	\N
232	92.00	20.00	22	19	\N	7	\N	\N
233	93.00	21.00	23	19	\N	61	\N	\N
235	96.00	24.00	24	19	\N	31	\N	\N
236	96.00	24.00	24	19	\N	86	\N	\N
237	97.00	25.00	26	19	\N	104	\N	\N
238	100.00	28.00	27	19	\N	2	\N	\N
244	77.00	5.00	1	21	\N	3	17	\N
245	78.00	6.00	2	21	\N	138	7	\N
246	79.00	7.00	3	21	\N	148	99	\N
247	80.00	8.00	4	21	\N	4	15	\N
248	81.00	9.00	5	21	\N	86	146	\N
249	83.00	11.00	6	21	\N	12	30	\N
250	90.00	18.00	7	21	\N	150	149	\N
251	99.00	27.00	8	21	\N	10	2	\N
287	78.00	6.00	12	31	\N	16	15	\N
288	81.00	9.00	13	31	\N	44	28	\N
289	81.00	9.00	13	31	\N	30	47	\N
355	107.00	35.00	33	35	\N	56	\N	\N
302	72.00	0.00	1	33	\N	96	12	\N
291	74.00	2.00	2	32	\N	27	3	\N
292	74.00	2.00	2	32	\N	20	4	\N
293	74.00	2.00	2	32	\N	152	24	\N
295	77.00	5.00	5	32	\N	81	64	\N
294	77.00	5.00	5	32	\N	12	15	\N
296	78.00	6.00	7	32	\N	5	26	\N
297	83.00	11.00	8	32	\N	18	17	\N
298	83.00	11.00	8	32	\N	76	50	\N
299	89.00	17.00	10	32	\N	153	19	\N
301	72.00	0.00	1	33	\N	14	15	\N
303	73.00	1.00	3	33	\N	7	32	\N
304	75.00	3.00	4	33	\N	6	3	\N
305	75.00	3.00	4	33	\N	51	20	\N
306	76.00	4.00	6	33	\N	39	49	\N
307	77.00	5.00	7	33	\N	4	38	\N
308	78.00	5.00	8	33	\N	26	56	\N
313	78.00	6.00	8	33	\N	17	99	\N
309	79.00	7.00	10	33	\N	13	29	\N
310	86.00	14.00	11	33	\N	16	5	\N
311	86.00	14.00	11	33	\N	2	22	\N
312	86.00	14.00	11	33	\N	19	80	\N
290	71.00	-1.00	1	32	\N	108	6	\N
368	72.00	0.00	2	37	\N	155	66	\N
370	73.00	1.00	3	37	\N	86	146	\N
369	73.00	1.00	3	37	\N	27	15	\N
371	75.00	3.00	5	37	\N	119	32	\N
372	75.00	3.00	5	37	\N	30	3	\N
373	78.00	6.00	7	37	\N	55	5	\N
374	79.00	7.00	8	37	\N	56	26	\N
378	79.00	7.00	8	37	\N	12	4	\N
375	80.00	8.00	10	37	\N	20	31	\N
376	81.00	9.00	11	37	\N	7	36	\N
377	82.00	10.00	12	37	\N	154	42	\N
314	73.00	1.00	1	34	\N	20	14	\N
315	73.00	1.00	1	34	\N	64	24	\N
316	74.00	2.00	3	34	\N	30	53	\N
322	75.00	3.00	4	34	\N	39	4	\N
317	76.00	4.00	5	34	\N	5	7	\N
318	77.00	5.00	6	34	\N	33	12	\N
319	78.00	6.00	7	34	\N	41	6	\N
320	81.00	9.00	8	34	\N	2	15	\N
321	85.00	13.00	9	34	\N	11	19	\N
275	67.00	-5.00	1	31	\N	6	22	\N
323	81.00	9.00	1	35	\N	6	\N	\N
324	82.00	10.00	2	35	\N	51	\N	\N
327	84.00	12.00	3	35	\N	46	\N	\N
328	84.00	12.00	3	35	\N	26	\N	\N
325	84.00	12.00	3	35	\N	14	\N	\N
326	84.00	12.00	3	35	\N	7	\N	\N
332	85.00	13.00	7	35	\N	25	\N	\N
331	85.00	13.00	7	35	\N	45	\N	\N
330	85.00	13.00	7	35	\N	9	\N	\N
329	85.00	13.00	7	35	\N	5	\N	\N
335	86.00	14.00	11	35	\N	64	\N	\N
333	86.00	14.00	11	35	\N	17	\N	\N
334	86.00	14.00	11	35	\N	24	\N	\N
336	87.00	15.00	14	35	\N	3	\N	\N
338	87.00	15.00	14	35	\N	4	\N	\N
337	87.00	15.00	14	35	\N	15	\N	\N
356	111.00	39.00	34	35	\N	16	\N	\N
339	88.00	16.00	17	35	\N	20	\N	\N
341	88.00	16.00	17	35	\N	27	\N	\N
342	88.00	16.00	17	35	\N	104	\N	\N
340	88.00	16.00	17	35	\N	8	\N	\N
343	90.00	18.00	21	35	\N	12	\N	\N
344	90.00	18.00	21	35	\N	31	\N	\N
345	90.00	18.00	21	35	\N	61	\N	\N
347	92.00	20.00	24	35	\N	40	\N	\N
348	92.00	20.00	24	35	\N	22	\N	\N
346	92.00	20.00	24	35	\N	39	\N	\N
349	93.00	21.00	27	35	\N	13	\N	\N
350	95.00	23.00	28	35	\N	19	\N	\N
351	102.00	30.00	29	35	\N	2	\N	\N
352	102.00	30.00	29	35	\N	81	\N	\N
353	104.00	32.00	31	35	\N	18	\N	\N
354	105.00	33.00	32	35	\N	57	\N	\N
357	112.00	40.00	35	35	\N	36	\N	\N
358	112.00	40.00	35	35	\N	121	\N	\N
363	79.00	7.00	5	36	\N	2	4	\N
359	74.00	2.00	1	36	\N	24	12	\N
360	74.00	2.00	1	36	\N	66	64	\N
364	79.00	7.00	5	36	\N	39	15	\N
365	79.00	7.00	5	36	\N	124	86	\N
366	81.00	9.00	8	36	\N	30	88	\N
361	77.00	5.00	3	36	\N	16	5	\N
362	78.00	6.00	4	36	\N	7	20	\N
379	77.00	5.00	1	38	\N	34	\N	\N
938	88.00	16.00	16	73	\N	69	36	\N
391	89.00	17.00	13	38	\N	4	\N	\N
393	89.00	17.00	13	38	\N	9	\N	\N
394	90.00	18.00	16	38	\N	27	\N	\N
396	90.00	18.00	16	38	\N	26	\N	\N
395	91.00	19.00	18	38	\N	46	\N	\N
398	92.00	20.00	19	38	\N	31	\N	\N
397	92.00	20.00	19	38	\N	13	\N	\N
400	94.00	22.00	21	38	\N	7	\N	\N
399	94.00	22.00	21	38	\N	2	\N	\N
401	95.00	23.00	23	38	\N	12	\N	\N
402	95.00	23.00	23	38	\N	19	\N	\N
403	96.00	24.00	25	38	\N	5	\N	\N
404	98.00	26.00	26	38	\N	156	\N	\N
405	100.00	28.00	27	38	\N	86	\N	\N
367	71.00	-1.00	1	37	\N	107	24	\N
406	103.00	31.00	28	38	\N	18	\N	\N
380	81.00	9.00	2	38	\N	25	\N	\N
450	73.00	1.00	2	41	\N	31	5	\N
407	104.00	32.00	29	38	\N	145	\N	\N
408	105.00	33.00	30	38	\N	157	\N	\N
381	82.00	10.00	3	38	\N	14	\N	\N
382	83.00	11.00	4	38	\N	20	\N	\N
409	107.00	35.00	31	38	\N	43	\N	\N
410	113.00	41.00	32	38	\N	16	\N	\N
451	73.00	1.00	2	41	\N	36	64	\N
384	84.00	12.00	5	38	\N	36	\N	\N
386	84.00	12.00	5	38	\N	35	\N	\N
383	84.00	12.00	5	38	\N	24	\N	\N
385	84.00	12.00	5	38	\N	29	\N	\N
387	85.00	13.00	9	38	\N	3	\N	\N
388	86.00	14.00	10	38	\N	6	\N	\N
390	87.00	15.00	11	38	\N	51	\N	\N
389	87.00	15.00	11	38	\N	8	\N	\N
392	89.00	17.00	13	38	\N	15	\N	\N
452	74.00	2.00	4	41	\N	9	17	\N
453	74.00	2.00	4	41	\N	24	20	\N
455	75.00	3.00	6	41	\N	14	22	\N
454	75.00	3.00	6	41	\N	15	4	\N
456	78.00	6.00	8	41	\N	39	12	\N
430	87.00	15.00	10	40	\N	32	\N	\N
457	79.00	7.00	9	41	\N	159	6	\N
458	79.00	7.00	9	41	\N	121	81	\N
459	80.00	8.00	11	41	\N	34	52	\N
460	87.00	15.00	12	41	\N	7	57	\N
488	103.00	31.00	20	43	\N	19	\N	\N
461	72.00	0.00	1	42	\N	15	12	\N
462	73.00	1.00	2	42	\N	46	4	\N
463	74.00	2.00	3	42	\N	81	64	\N
464	75.00	3.00	4	42	\N	160	32	\N
465	76.00	4.00	5	42	\N	39	26	\N
466	76.00	4.00	5	42	\N	17	24	\N
411	73.00	1.00	1	39	\N	99	12	\N
413	74.00	2.00	2	39	\N	19	31	\N
467	76.00	4.00	5	42	\N	99	20	\N
468	77.00	5.00	8	42	\N	161	9	\N
412	74.00	2.00	2	39	\N	123	36	\N
414	75.00	3.00	4	39	\N	14	17	\N
420	76.00	4.00	5	39	\N	16	4	\N
416	77.00	5.00	6	39	\N	5	7	\N
415	77.00	5.00	6	39	\N	2	20	\N
417	79.00	7.00	8	39	\N	39	55	\N
418	81.00	9.00	9	39	\N	84	32	\N
419	82.00	10.00	10	39	\N	158	15	\N
447	87.00	15.00	10	40	\N	104	\N	\N
448	88.00	16.00	12	40	\N	22	\N	\N
432	88.00	16.00	12	40	\N	9	\N	\N
433	88.00	16.00	12	40	\N	12	\N	\N
431	88.00	16.00	12	40	\N	4	\N	\N
436	90.00	18.00	16	40	\N	7	\N	\N
435	90.00	18.00	16	40	\N	27	\N	\N
445	102.00	30.00	27	40	\N	145	\N	\N
446	103.00	31.00	28	40	\N	146	\N	\N
434	90.00	18.00	16	40	\N	86	\N	\N
421	78.00	6.00	1	40	\N	24	\N	\N
422	80.00	8.00	2	40	\N	3	\N	\N
423	81.00	9.00	3	40	\N	15	\N	\N
424	82.00	10.00	4	40	\N	14	\N	\N
425	82.00	10.00	4	40	\N	34	\N	\N
426	83.00	11.00	6	40	\N	31	\N	\N
427	83.00	11.00	6	40	\N	5	\N	\N
429	86.00	14.00	8	40	\N	20	\N	\N
428	86.00	14.00	8	40	\N	46	\N	\N
439	91.00	19.00	19	40	\N	6	\N	\N
438	91.00	19.00	19	40	\N	19	\N	\N
437	91.00	19.00	19	40	\N	8	\N	\N
440	93.00	21.00	22	40	\N	36	\N	\N
441	94.00	22.00	23	40	\N	17	\N	\N
442	95.00	23.00	24	40	\N	41	\N	\N
443	97.00	25.00	25	40	\N	2	\N	\N
444	101.00	29.00	26	40	\N	85	\N	\N
470	81.00	9.00	2	43	\N	30	\N	\N
471	81.00	9.00	2	43	\N	8	\N	\N
473	83.00	11.00	4	43	\N	64	\N	\N
472	83.00	11.00	4	43	\N	3	\N	\N
474	86.00	14.00	6	43	\N	6	\N	\N
477	87.00	15.00	7	43	\N	5	\N	\N
475	87.00	15.00	7	43	\N	9	\N	\N
476	87.00	15.00	7	43	\N	7	\N	\N
478	88.00	16.00	10	43	\N	27	\N	\N
479	89.00	17.00	11	43	\N	33	\N	\N
480	91.00	19.00	12	43	\N	14	\N	\N
481	91.00	19.00	12	43	\N	34	\N	\N
482	92.00	20.00	14	43	\N	39	\N	\N
483	93.00	21.00	15	43	\N	46	\N	\N
484	95.00	23.00	16	43	\N	20	\N	\N
485	96.00	24.00	17	43	\N	36	\N	\N
503	71.00	-1.00	2	45	\N	20	64	\N
499	71.00	-1.00	2	45	\N	116	24	\N
500	71.00	-1.00	2	45	\N	51	64	\N
486	97.00	25.00	18	43	\N	22	\N	\N
502	72.00	0.00	5	45	\N	162	6	\N
487	100.00	28.00	19	43	\N	16	\N	\N
501	72.00	0.00	5	45	\N	39	8	\N
505	73.00	1.00	7	45	\N	163	9	\N
504	73.00	1.00	7	45	\N	7	3	\N
506	74.00	2.00	9	45	\N	12	15	\N
489	104.00	32.00	21	43	\N	43	\N	\N
492	65.00	-7.00	3	44	41	16	5	17
493	66.00	-6.00	4	44	11	3	22	13
494	66.00	-6.00	4	44	44	14	28	47
495	66.00	-6.00	4	44	43	6	7	81
496	66.00	-6.00	4	44	57	8	18	39
497	68.00	-4.00	8	44	88	15	12	38
498	69.00	-3.00	1	45	\N	34	25	\N
490	62.00	-10.00	1	44	103	9	20	19
491	64.00	-8.00	2	44	87	4	29	30
507	76.00	4.00	10	45	\N	30	31	\N
508	83.00	11.00	11	45	\N	56	26	\N
511	73.00	1.00	2	46	\N	22	6	\N
512	73.00	1.00	2	46	\N	160	32	\N
510	73.00	1.00	2	46	\N	3	14	\N
513	74.00	2.00	5	46	\N	164	12	\N
515	75.00	3.00	6	46	\N	27	5	\N
514	75.00	3.00	6	46	\N	7	20	\N
516	78.00	6.00	8	46	\N	8	47	\N
536	68.00	-4.00	1	49	\N	25	17	\N
517	72.00	0.00	1	47	\N	98	6	\N
518	73.00	1.00	2	47	\N	19	20	\N
519	74.00	2.00	3	47	\N	26	56	\N
520	75.00	3.00	4	47	\N	10	8	\N
521	76.00	4.00	5	47	\N	3	12	\N
523	77.00	5.00	6	47	\N	156	27	\N
522	77.00	5.00	6	47	\N	165	7	\N
525	78.00	6.00	8	47	\N	39	5	\N
524	78.00	6.00	8	47	\N	160	4	\N
526	80.00	8.00	10	47	\N	2	14	\N
527	82.00	10.00	11	47	\N	50	15	\N
528	75.00	3.00	1	48	\N	14	28	\N
529	76.00	4.00	2	48	\N	27	17	\N
530	76.00	4.00	2	48	\N	20	21	\N
535	76.00	4.00	2	48	\N	15	41	\N
531	79.00	7.00	5	48	\N	24	12	\N
532	80.00	8.00	6	48	\N	10	\N	\N
533	85.00	13.00	7	48	\N	50	76	\N
534	86.00	14.00	8	48	\N	30	23	\N
537	72.00	0.00	2	49	\N	39	6	\N
538	72.00	0.00	2	49	\N	31	8	\N
539	72.00	0.00	2	49	\N	33	12	\N
540	74.00	2.00	5	49	\N	5	20	\N
543	75.00	3.00	6	49	\N	9	2	\N
541	75.00	3.00	6	49	\N	21	13	\N
542	75.00	3.00	6	49	\N	47	29	\N
544	76.00	4.00	9	49	\N	3	18	\N
549	76.00	4.00	9	49	\N	11	4	\N
545	77.00	5.00	11	49	\N	67	23	\N
546	80.00	8.00	12	49	\N	15	16	\N
547	84.00	12.00	13	49	\N	50	10	\N
548	85.00	13.00	14	49	\N	87	30	\N
469	80.00	8.00	1	43	\N	15	\N	\N
509	72.00	0.00	1	46	\N	2	9	\N
552	73.00	1.00	3	50	\N	3	15	\N
554	75.00	3.00	5	50	\N	11	8	\N
553	73.00	1.00	3	50	\N	12	41	\N
559	78.00	6.00	8	50	\N	34	25	\N
557	78.00	6.00	8	50	\N	39	55	\N
556	77.00	5.00	7	50	\N	7	27	\N
558	78.00	6.00	8	50	\N	32	84	\N
555	75.00	3.00	5	50	\N	166	49	\N
551	71.00	-1.00	2	50	\N	51	5	\N
587	91.00	19.00	23	51	\N	31	\N	\N
586	91.00	19.00	23	51	\N	67	\N	\N
588	92.00	20.00	25	51	\N	5	\N	\N
603	92.00	20.00	25	51	\N	27	\N	\N
589	93.00	21.00	27	51	\N	47	\N	\N
590	94.00	22.00	28	51	\N	15	\N	\N
591	97.00	25.00	29	51	\N	13	\N	\N
594	99.00	27.00	30	51	\N	10	\N	\N
595	99.00	27.00	30	51	\N	57	\N	\N
596	99.00	27.00	30	51	\N	2	\N	\N
550	67.00	-5.00	1	50	\N	116	24	\N
560	78.00	6.00	8	50	\N	14	10	\N
561	80.00	8.00	12	50	\N	2	4	\N
562	84.00	12.00	13	50	\N	50	20	\N
563	84.00	12.00	13	50	\N	167	33	\N
564	75.00	3.00	1	51	\N	35	\N	\N
592	99.00	27.00	30	51	\N	39	\N	\N
593	99.00	27.00	30	51	\N	18	\N	\N
597	100.00	28.00	35	51	\N	16	\N	\N
599	101.00	29.00	36	51	\N	20	\N	\N
566	79.00	7.00	2	51	\N	6	\N	\N
598	101.00	29.00	36	51	\N	36	\N	\N
600	108.00	36.00	38	51	\N	41	\N	\N
601	109.00	37.00	39	51	\N	11	\N	\N
565	79.00	7.00	2	51	\N	26	\N	\N
602	110.00	38.00	40	51	\N	168	\N	\N
605	71.00	-1.00	2	52	\N	24	15	\N
567	80.00	8.00	4	51	\N	4	\N	\N
569	82.00	10.00	5	51	\N	45	\N	\N
570	82.00	10.00	5	51	\N	60	\N	\N
568	82.00	10.00	5	51	\N	17	\N	\N
571	84.00	12.00	8	51	\N	29	\N	\N
573	85.00	13.00	9	51	\N	51	\N	\N
572	85.00	13.00	9	51	\N	3	\N	\N
575	86.00	14.00	11	51	\N	74	\N	\N
574	86.00	14.00	11	51	\N	9	\N	\N
576	87.00	15.00	13	51	\N	24	\N	\N
577	87.00	15.00	13	51	\N	30	\N	\N
581	88.00	16.00	15	51	\N	19	\N	\N
579	88.00	16.00	15	51	\N	14	\N	\N
578	88.00	16.00	15	51	\N	28	\N	\N
580	88.00	16.00	15	51	\N	22	\N	\N
584	89.00	17.00	19	51	\N	8	\N	\N
583	89.00	17.00	19	51	\N	49	\N	\N
582	89.00	17.00	19	51	\N	7	\N	\N
585	90.00	18.00	22	51	\N	25	\N	\N
606	71.00	-1.00	2	52	\N	169	9	\N
607	72.00	0.00	4	52	\N	21	3	\N
609	73.00	1.00	5	52	\N	6	60	\N
608	73.00	1.00	5	52	\N	60	6	\N
611	74.00	2.00	7	52	\N	16	31	\N
610	74.00	2.00	7	52	\N	13	2	\N
612	75.00	3.00	9	52	\N	96	12	\N
613	76.00	4.00	10	52	\N	86	36	\N
614	78.00	6.00	11	52	\N	114	28	\N
615	80.00	8.00	12	52	\N	11	\N	\N
616	81.00	9.00	13	52	\N	133	14	\N
617	85.00	13.00	14	52	\N	27	10	\N
619	71.00	-1.00	2	53	\N	39	9	\N
620	72.00	0.00	3	53	\N	7	53	\N
621	75.00	3.00	4	53	\N	15	8	\N
622	77.00	5.00	5	53	\N	34	31	\N
623	77.00	5.00	5	53	\N	12	2	\N
625	79.00	7.00	7	53	\N	88	4	\N
624	79.00	7.00	7	53	\N	170	25	\N
626	80.00	8.00	9	53	\N	10	\N	\N
628	78.00	6.00	2	54	\N	35	\N	\N
629	81.00	9.00	3	54	\N	25	\N	\N
630	82.00	10.00	4	54	\N	8	\N	\N
632	83.00	11.00	5	54	\N	9	\N	\N
633	83.00	11.00	5	54	\N	51	\N	\N
631	83.00	11.00	5	54	\N	4	\N	\N
634	86.00	14.00	8	54	\N	12	\N	\N
635	86.00	14.00	8	54	\N	31	\N	\N
639	87.00	15.00	10	54	\N	46	\N	\N
638	87.00	15.00	10	54	\N	36	\N	\N
636	87.00	15.00	10	54	\N	26	\N	\N
637	87.00	15.00	10	54	\N	14	\N	\N
640	88.00	16.00	14	54	\N	3	\N	\N
645	89.00	17.00	15	54	\N	30	\N	\N
641	89.00	17.00	15	54	\N	15	\N	\N
642	89.00	17.00	15	54	\N	39	\N	\N
643	89.00	17.00	15	54	\N	22	\N	\N
644	89.00	17.00	15	54	\N	13	\N	\N
646	90.00	18.00	20	54	\N	20	\N	\N
647	91.00	19.00	21	54	\N	32	\N	\N
649	92.00	20.00	22	54	\N	50	\N	\N
648	92.00	20.00	22	54	\N	2	\N	\N
650	94.00	22.00	24	54	\N	6	\N	\N
653	96.00	24.00	25	54	\N	19	\N	\N
651	96.00	24.00	25	54	\N	74	\N	\N
652	96.00	24.00	25	54	\N	42	\N	\N
654	97.00	25.00	28	54	\N	17	\N	\N
618	70.00	-2.00	1	53	\N	106	26	\N
604	70.00	-2.00	1	52	\N	55	5	\N
661	74.00	2.00	3	55	\N	11	3	\N
662	75.00	3.00	4	55	\N	41	14	\N
663	76.00	4.00	5	55	\N	12	26	\N
664	77.00	5.00	6	55	\N	16	5	\N
665	77.00	5.00	6	55	\N	39	4	\N
666	78.00	6.00	8	55	\N	10	46	\N
627	76.00	4.00	1	54	\N	24	\N	\N
667	80.00	8.00	9	55	\N	36	171	\N
668	81.00	9.00	10	55	\N	15	19	\N
669	77.00	5.00	1	56	\N	4	\N	\N
655	98.00	26.00	29	54	\N	11	\N	\N
656	98.00	26.00	29	54	\N	56	\N	\N
657	102.00	30.00	31	54	\N	10	\N	\N
658	110.00	38.00	32	54	\N	135	\N	\N
659	73.00	1.00	1	55	\N	25	20	\N
660	73.00	1.00	1	55	\N	24	34	\N
671	80.00	8.00	2	56	\N	3	\N	\N
670	80.00	8.00	2	56	\N	8	\N	\N
672	81.00	9.00	4	56	\N	29	\N	\N
673	82.00	10.00	5	56	\N	74	\N	\N
674	85.00	13.00	6	56	\N	61	\N	\N
675	86.00	14.00	7	56	\N	12	\N	\N
676	86.00	14.00	7	56	\N	34	\N	\N
677	87.00	15.00	9	56	\N	7	\N	\N
678	88.00	16.00	10	56	\N	24	\N	\N
679	89.00	17.00	11	56	\N	9	\N	\N
680	89.00	17.00	11	56	\N	25	\N	\N
681	90.00	18.00	13	56	\N	17	\N	\N
683	91.00	19.00	14	56	\N	36	\N	\N
684	91.00	19.00	14	56	\N	72	\N	\N
682	91.00	19.00	14	56	\N	5	\N	\N
685	92.00	20.00	17	56	\N	26	\N	\N
686	93.00	21.00	18	56	\N	19	\N	\N
689	95.00	23.00	19	56	\N	47	\N	\N
687	95.00	23.00	19	56	\N	15	\N	\N
688	95.00	23.00	19	56	\N	32	\N	\N
690	99.00	27.00	22	56	\N	31	\N	\N
692	99.00	27.00	22	56	\N	10	\N	\N
691	99.00	27.00	22	56	\N	52	\N	\N
693	100.00	28.00	25	56	\N	2	\N	\N
695	101.00	29.00	26	56	\N	30	\N	\N
694	101.00	29.00	26	56	\N	18	\N	\N
696	104.00	32.00	28	56	\N	20	\N	\N
697	105.00	33.00	29	56	\N	57	\N	\N
698	106.00	34.00	30	56	\N	11	\N	\N
700	112.00	40.00	31	56	\N	43	\N	\N
699	113.00	40.00	32	56	\N	16	\N	\N
701	113.00	41.00	32	56	\N	56	\N	\N
702	69.00	-3.00	1	57	\N	151	32	\N
703	71.00	-1.00	2	57	\N	86	24	\N
704	74.00	2.00	3	57	\N	22	20	\N
705	75.00	3.00	4	57	\N	14	39	\N
706	76.00	4.00	5	57	\N	36	69	\N
707	78.00	6.00	6	57	\N	26	2	\N
709	82.00	10.00	7	57	\N	66	88	\N
708	82.00	10.00	7	57	\N	87	4	\N
710	83.00	11.00	9	57	\N	72	172	\N
711	86.00	14.00	10	57	\N	11	13	\N
713	87.00	15.00	11	57	\N	133	10	\N
716	70.00	-2.00	1	58	\N	26	14	\N
714	70.00	-2.00	1	58	\N	105	3	\N
715	70.00	-2.00	1	58	\N	28	47	\N
717	72.00	0.00	4	58	\N	9	56	\N
718	73.00	1.00	5	58	\N	12	15	\N
719	74.00	2.00	6	58	\N	103	6	\N
721	75.00	3.00	7	58	\N	30	22	\N
720	75.00	3.00	7	58	\N	5	18	\N
722	76.00	4.00	9	58	\N	156	27	\N
723	77.00	5.00	10	58	\N	2	17	\N
724	82.00	10.00	11	58	\N	10	57	\N
725	83.00	11.00	12	58	\N	4	\N	\N
726	84.00	12.00	13	58	\N	39	11	\N
728	68.00	-4.00	1	59	\N	52	5	\N
730	69.00	-3.00	3	59	\N	15	7	\N
731	70.00	-2.00	4	59	\N	10	9	\N
732	70.00	-2.00	4	59	\N	13	39	\N
733	71.00	-1.00	6	59	\N	19	6	\N
734	71.00	-1.00	6	59	\N	4	20	\N
735	74.00	2.00	8	59	\N	46	8	\N
737	75.00	3.00	9	59	\N	56	26	\N
736	75.00	3.00	9	59	\N	11	17	\N
738	76.00	4.00	11	59	\N	45	3	\N
739	77.00	5.00	12	59	\N	51	12	\N
757	90.00	18.00	10	61	\N	13	\N	\N
742	77.00	5.00	3	60	\N	15	27	\N
743	77.00	5.00	3	60	\N	169	10	\N
744	81.00	9.00	5	60	\N	95	5	\N
746	82.00	10.00	6	60	\N	11	20	\N
745	82.00	10.00	6	60	\N	39	55	\N
747	101.00	29.00	8	60	\N	2	\N	\N
727	68.00	-4.00	1	59	\N	53	69	\N
741	74.00	2.00	2	60	\N	6	9	\N
1408	108.00	36.00	35	100	\N	33	\N	\N
758	90.00	18.00	10	61	\N	14	\N	\N
759	90.00	18.00	10	61	\N	39	\N	\N
1409	112.00	40.00	36	100	\N	10	\N	\N
760	91.00	19.00	13	61	\N	5	\N	\N
763	93.00	21.00	14	61	\N	118	\N	\N
762	93.00	21.00	14	61	\N	30	\N	\N
812	75.00	3.00	1	66	\N	30	3	\N
761	93.00	21.00	14	61	\N	27	\N	\N
795	65.00	-7.00	5	63	66	51	22	16
796	65.00	-7.00	5	63	38	3	46	7
797	66.00	-6.00	7	63	39	4	18	11
798	67.00	-5.00	8	63	103	2	6	60
815	76.00	4.00	3	66	\N	17	42	\N
799	70.00	-2.00	9	63	36	25	5	45
814	76.00	4.00	3	66	\N	15	12	\N
764	94.00	22.00	17	61	\N	4	\N	\N
765	94.00	22.00	17	61	\N	19	\N	\N
816	76.00	4.00	3	66	\N	177	36	\N
817	77.00	5.00	6	66	\N	60	4	\N
821	80.00	8.00	7	66	\N	8	10	\N
819	80.00	8.00	7	66	\N	29	38	\N
818	80.00	8.00	7	66	\N	18	27	\N
820	88.00	16.00	10	66	\N	19	2	\N
791	62.00	-10.00	1	63	19	29	13	27
793	63.00	-9.00	2	63	88	12	15	53
792	63.00	-9.00	2	63	10	9	127	74
794	64.00	-8.00	4	63	40	32	17	41
768	95.00	23.00	19	61	\N	36	\N	\N
766	95.00	23.00	19	61	\N	20	\N	\N
780	74.00	2.00	1	62	\N	104	20	\N
767	95.00	23.00	19	61	\N	49	\N	\N
769	96.00	24.00	22	61	\N	7	\N	\N
781	75.00	3.00	2	62	\N	79	9	\N
782	77.00	5.00	3	62	\N	175	5	\N
784	78.00	6.00	4	62	\N	26	56	\N
783	78.00	6.00	4	62	\N	15	4	\N
785	78.00	6.00	4	62	\N	176	40	\N
786	80.00	8.00	7	62	\N	14	39	\N
770	99.00	27.00	23	61	\N	2	\N	\N
787	83.00	11.00	8	62	\N	32	7	\N
788	84.00	12.00	9	62	\N	38	12	\N
789	85.00	13.00	10	62	\N	11	10	\N
790	86.00	14.00	11	62	\N	95	55	\N
772	99.00	27.00	23	61	\N	29	\N	\N
771	99.00	27.00	23	61	\N	10	\N	\N
773	100.00	28.00	26	61	\N	11	\N	\N
774	100.00	28.00	26	61	\N	80	\N	\N
800	66.00	-6.00	1	64	\N	102	32	\N
801	69.00	-3.00	2	64	\N	15	6	\N
803	72.00	0.00	3	64	\N	39	27	\N
802	72.00	0.00	3	64	\N	4	7	\N
804	73.00	1.00	5	64	\N	14	24	\N
805	75.00	3.00	6	64	\N	34	17	\N
748	82.00	10.00	1	61	\N	51	\N	\N
749	83.00	11.00	2	61	\N	173	\N	\N
750	83.00	11.00	2	61	\N	6	\N	\N
751	84.00	12.00	4	61	\N	24	\N	\N
752	84.00	12.00	4	61	\N	74	\N	\N
753	85.00	13.00	6	61	\N	3	\N	\N
754	87.00	15.00	7	61	\N	8	\N	\N
755	87.00	15.00	7	61	\N	69	\N	\N
807	77.00	5.00	7	64	\N	20	12	\N
810	79.00	7.00	8	64	\N	55	30	\N
808	79.00	7.00	8	64	\N	3	5	\N
811	80.00	8.00	10	64	\N	9	10	\N
740	73.00	1.00	1	60	\N	17	4	\N
775	102.00	30.00	28	61	\N	174	\N	\N
776	104.00	32.00	29	61	\N	16	\N	\N
777	105.00	33.00	30	61	\N	130	\N	\N
778	107.00	35.00	31	61	\N	76	\N	\N
779	111.00	39.00	32	61	\N	18	\N	\N
756	88.00	16.00	9	61	\N	12	\N	\N
837	72.00	0.00	1	67	\N	51	6	\N
836	72.00	0.00	1	67	\N	9	30	\N
825	73.00	1.00	3	67	\N	36	24	\N
824	73.00	1.00	3	67	\N	178	42	\N
826	74.00	2.00	5	67	\N	35	28	\N
827	75.00	3.00	6	67	\N	27	17	\N
828	76.00	4.00	7	67	\N	2	13	\N
829	77.00	5.00	8	67	\N	12	4	\N
831	78.00	6.00	9	67	\N	67	37	\N
832	78.00	6.00	9	67	\N	21	33	\N
830	78.00	6.00	9	67	\N	60	10	\N
833	79.00	7.00	12	67	\N	23	38	\N
834	80.00	8.00	13	67	\N	15	3	\N
835	81.00	9.00	14	67	\N	25	11	\N
838	72.00	0.00	1	68	\N	12	3	\N
925	73.00	1.00	2	73	\N	15	32	\N
926	76.00	4.00	4	73	\N	21	61	\N
927	77.00	5.00	5	73	\N	5	16	\N
859	85.00	13.00	12	69	\N	101	42	\N
928	78.00	6.00	6	73	\N	6	2	\N
929	78.00	6.00	6	73	\N	22	43	\N
858	85.00	13.00	12	69	\N	36	11	\N
930	79.00	7.00	8	73	\N	7	24	\N
931	79.00	7.00	8	73	\N	31	18	\N
924	73.00	1.00	2	73	\N	35	13	\N
839	74.00	2.00	2	68	\N	8	19	\N
840	74.00	2.00	2	68	\N	27	6	\N
842	75.00	3.00	4	68	\N	14	29	\N
843	75.00	3.00	4	68	\N	15	22	\N
844	77.00	5.00	6	68	\N	20	4	\N
845	80.00	8.00	7	68	\N	28	38	\N
846	80.00	8.00	7	68	\N	24	10	\N
860	78.00	6.00	1	70	\N	51	\N	\N
861	80.00	8.00	2	70	\N	6	\N	\N
889	99.00	27.00	30	70	\N	11	\N	\N
890	99.00	27.00	30	70	\N	28	\N	\N
862	84.00	12.00	3	70	\N	3	\N	\N
863	85.00	13.00	4	70	\N	45	\N	\N
892	100.00	28.00	32	70	\N	15	\N	\N
891	100.00	28.00	32	70	\N	16	\N	\N
893	101.00	29.00	34	70	\N	2	\N	\N
894	102.00	30.00	35	70	\N	12	\N	\N
847	69.00	-3.00	1	69	\N	21	35	\N
848	70.00	-2.00	2	69	\N	65	13	\N
849	74.00	2.00	3	69	\N	27	7	\N
850	75.00	3.00	4	69	\N	40	3	\N
852	76.00	4.00	5	69	\N	29	30	\N
851	76.00	4.00	5	69	\N	6	14	\N
854	78.00	6.00	7	69	\N	15	24	\N
853	78.00	6.00	7	69	\N	22	2	\N
855	79.00	7.00	9	69	\N	10	17	\N
856	82.00	10.00	10	69	\N	5	4	\N
857	84.00	12.00	11	69	\N	98	12	\N
864	85.00	13.00	4	70	\N	65	\N	\N
865	85.00	13.00	4	70	\N	9	\N	\N
895	103.00	31.00	36	70	\N	67	\N	\N
896	104.00	32.00	37	70	\N	36	\N	\N
897	105.00	33.00	38	70	\N	57	\N	\N
898	110.00	38.00	39	70	\N	18	\N	\N
866	86.00	14.00	7	70	\N	8	\N	\N
867	86.00	14.00	7	70	\N	60	\N	\N
868	87.00	15.00	9	70	\N	35	\N	\N
869	87.00	15.00	9	70	\N	49	\N	\N
870	88.00	16.00	11	70	\N	32	\N	\N
871	88.00	16.00	11	70	\N	7	\N	\N
872	89.00	17.00	13	70	\N	24	\N	\N
873	89.00	17.00	13	70	\N	31	\N	\N
874	92.00	20.00	15	70	\N	40	\N	\N
876	93.00	21.00	16	70	\N	19	\N	\N
877	93.00	21.00	16	70	\N	20	\N	\N
875	93.00	21.00	16	70	\N	13	\N	\N
878	93.00	21.00	16	70	\N	4	\N	\N
883	94.00	22.00	20	70	\N	74	\N	\N
879	94.00	22.00	20	70	\N	22	\N	\N
880	94.00	22.00	20	70	\N	21	\N	\N
881	94.00	22.00	20	70	\N	30	\N	\N
882	94.00	22.00	20	70	\N	30	\N	\N
884	95.00	23.00	25	70	\N	5	\N	\N
885	95.00	23.00	25	70	\N	23	\N	\N
908	78.00	6.00	10	71	\N	55	5	\N
909	78.00	6.00	10	71	\N	98	181	\N
887	96.00	24.00	27	70	\N	33	\N	\N
886	96.00	24.00	27	70	\N	37	\N	\N
910	80.00	8.00	12	71	\N	11	10	\N
911	84.00	12.00	13	71	\N	2	15	\N
888	98.00	26.00	29	70	\N	10	\N	\N
899	68.00	-4.00	1	71	\N	7	25	\N
900	69.00	-3.00	2	71	\N	31	17	\N
912	84.00	12.00	13	71	\N	157	145	\N
901	71.00	-1.00	3	71	\N	51	13	\N
902	72.00	0.00	4	71	\N	49	6	\N
903	72.00	0.00	4	71	\N	179	45	\N
904	73.00	1.00	6	71	\N	3	46	\N
905	74.00	2.00	7	71	\N	14	27	\N
906	74.00	2.00	7	71	\N	16	24	\N
921	82.00	10.00	9	72	\N	12	38	\N
907	76.00	4.00	9	71	\N	22	180	\N
919	78.00	6.00	7	72	\N	27	41	\N
917	76.00	4.00	4	72	\N	10	51	\N
922	88.00	16.00	10	72	\N	2	40	\N
920	80.00	8.00	8	72	\N	29	33	\N
918	77.00	5.00	6	72	\N	15	6	\N
914	75.00	3.00	2	72	\N	13	11	\N
916	76.00	4.00	4	72	\N	25	17	\N
915	75.00	3.00	2	72	\N	8	60	\N
913	74.00	2.00	1	72	\N	31	5	\N
975	97.00	25.00	26	75	\N	7	\N	\N
977	101.00	29.00	27	75	\N	184	\N	\N
923	68.00	-4.00	1	73	\N	53	27	\N
933	81.00	9.00	10	73	\N	14	12	\N
932	81.00	9.00	10	73	\N	8	3	\N
934	81.00	9.00	10	73	\N	10	74	\N
935	82.00	10.00	13	73	\N	38	28	\N
936	83.00	11.00	14	73	\N	33	17	\N
937	87.00	15.00	15	73	\N	41	11	\N
976	101.00	29.00	27	75	\N	16	\N	\N
978	105.00	33.00	29	75	\N	56	\N	\N
979	106.00	34.00	30	75	\N	47	\N	\N
980	109.00	37.00	31	75	\N	10	\N	\N
981	110.00	38.00	32	75	\N	41	\N	\N
940	74.00	2.00	1	74	\N	27	15	\N
941	75.00	3.00	2	74	\N	31	51	\N
942	75.00	3.00	2	74	\N	25	26	\N
943	76.00	4.00	4	74	\N	36	13	\N
944	78.00	6.00	5	74	\N	73	4	\N
945	79.00	7.00	6	74	\N	33	8	\N
946	79.00	7.00	6	74	\N	34	10	\N
947	79.00	7.00	6	74	\N	182	5	\N
948	83.00	11.00	9	74	\N	42	183	\N
449	67.00	-5.00	1	41	\N	109	110	\N
982	70.00	-2.00	1	76	\N	33	51	\N
983	71.00	-1.00	2	76	\N	5	29	\N
949	81.00	9.00	1	75	\N	8	\N	\N
984	73.00	1.00	3	76	\N	3	4	\N
952	86.00	14.00	2	75	\N	24	\N	\N
953	86.00	14.00	2	75	\N	107	\N	\N
951	86.00	14.00	2	75	\N	5	\N	\N
955	87.00	15.00	5	75	\N	6	\N	\N
954	87.00	15.00	5	75	\N	20	\N	\N
956	87.00	15.00	5	75	\N	31	\N	\N
957	88.00	16.00	8	75	\N	32	\N	\N
958	89.00	17.00	9	75	\N	9	\N	\N
960	90.00	18.00	10	75	\N	14	\N	\N
959	90.00	18.00	10	75	\N	26	\N	\N
985	74.00	2.00	4	76	\N	27	2	\N
986	77.00	5.00	5	76	\N	17	41	\N
987	77.00	5.00	5	76	\N	15	13	\N
988	79.00	7.00	7	76	\N	87	47	\N
965	91.00	19.00	12	75	\N	13	\N	\N
961	91.00	19.00	12	75	\N	34	\N	\N
962	91.00	19.00	12	75	\N	21	\N	\N
963	91.00	19.00	12	75	\N	19	\N	\N
964	91.00	19.00	12	75	\N	51	\N	\N
989	81.00	9.00	8	76	\N	18	12	\N
966	92.00	20.00	17	75	\N	3	\N	\N
969	93.00	21.00	18	75	\N	11	\N	\N
968	93.00	21.00	18	75	\N	27	\N	\N
990	82.00	10.00	9	76	\N	10	30	\N
991	84.00	12.00	10	76	\N	71	182	\N
967	93.00	21.00	18	75	\N	2	\N	\N
971	94.00	22.00	21	75	\N	22	\N	\N
970	94.00	22.00	21	75	\N	12	\N	\N
972	95.00	23.00	23	75	\N	15	\N	\N
974	96.00	24.00	24	75	\N	42	\N	\N
973	96.00	24.00	24	75	\N	17	\N	\N
996	72.00	0.00	4	77	\N	28	21	\N
1003	77.00	5.00	10	77	\N	187	12	\N
1009	91.00	19.00	18	77	\N	75	18	\N
995	72.00	0.00	4	77	\N	31	3	\N
997	73.00	1.00	6	77	\N	24	25	\N
1004	77.00	5.00	10	77	\N	10	45	\N
1020	80.00	8.00	10	78	\N	44	28	\N
1001	77.00	5.00	10	77	\N	7	26	\N
1005	78.00	6.00	14	77	\N	46	19	\N
1007	81.00	9.00	15	77	\N	36	71	\N
992	65.00	-7.00	1	77	\N	117	113	\N
998	73.00	1.00	6	77	\N	186	27	\N
999	74.00	2.00	8	77	\N	9	57	\N
993	70.00	-2.00	2	77	\N	179	20	\N
994	71.00	-1.00	3	77	\N	185	5	\N
1006	81.00	9.00	15	77	\N	6	56	\N
1008	81.00	9.00	15	77	\N	40	15	\N
1000	76.00	4.00	9	77	\N	2	14	\N
1002	77.00	5.00	10	77	\N	22	4	\N
1021	84.00	12.00	12	78	\N	5	71	\N
1017	77.00	5.00	6	78	\N	16	8	\N
1019	80.00	8.00	10	78	\N	33	13	\N
1018	78.00	6.00	9	78	\N	69	36	\N
1016	77.00	5.00	6	78	\N	188	66	\N
1015	77.00	5.00	6	78	\N	3	18	\N
1014	76.00	4.00	4	78	\N	2	7	\N
1013	76.00	4.00	4	78	\N	10	32	\N
1012	75.00	3.00	2	78	\N	15	17	\N
1011	75.00	3.00	2	78	\N	4	34	\N
1010	73.00	1.00	1	78	\N	83	78	\N
1024	74.00	2.00	3	79	\N	7	36	\N
1070	82.00	10.00	12	81	\N	11	19	\N
1072	83.00	11.00	14	81	\N	189	35	\N
1022	69.00	-3.00	1	79	\N	114	28	\N
1023	70.00	-2.00	2	79	\N	14	13	\N
1025	75.00	3.00	4	79	\N	11	3	\N
1026	75.00	3.00	4	79	\N	21	25	\N
1027	76.00	4.00	6	79	\N	145	27	\N
1028	77.00	5.00	7	79	\N	2	30	\N
1032	78.00	6.00	8	79	\N	4	72	\N
1029	80.00	8.00	9	79	\N	66	141	\N
1030	83.00	11.00	10	79	\N	15	10	\N
1031	85.00	13.00	11	79	\N	33	41	\N
1033	80.00	8.00	1	80	\N	5	\N	\N
1034	81.00	9.00	2	80	\N	6	\N	\N
1035	82.00	10.00	3	80	\N	9	\N	\N
1036	83.00	11.00	4	80	\N	51	\N	\N
1084	80.00	8.00	11	82	\N	80	19	\N
1037	84.00	12.00	5	80	\N	4	\N	\N
1038	85.00	13.00	6	80	\N	8	\N	\N
1086	82.00	10.00	13	82	\N	129	190	\N
1039	85.00	13.00	6	80	\N	32	\N	\N
1041	87.00	15.00	8	80	\N	30	\N	\N
1040	87.00	15.00	8	80	\N	26	\N	\N
1042	87.00	15.00	8	80	\N	40	\N	\N
1043	88.00	16.00	11	80	\N	3	\N	\N
1045	88.00	16.00	11	80	\N	27	\N	\N
1044	88.00	16.00	11	80	\N	13	\N	\N
1046	89.00	17.00	14	80	\N	29	\N	\N
1048	92.00	20.00	15	80	\N	20	\N	\N
1047	92.00	20.00	15	80	\N	7	\N	\N
1050	93.00	21.00	17	80	\N	72	\N	\N
1049	93.00	21.00	17	80	\N	21	\N	\N
1052	95.00	23.00	19	80	\N	66	\N	\N
1085	82.00	10.00	13	82	\N	16	4	\N
1051	95.00	23.00	19	80	\N	15	\N	\N
1053	97.00	25.00	21	80	\N	50	\N	\N
1054	105.00	33.00	22	80	\N	18	\N	\N
1055	106.00	34.00	23	80	\N	10	\N	\N
1056	108.00	36.00	24	80	\N	16	\N	\N
1058	109.00	37.00	25	80	\N	36	\N	\N
1059	67.00	-5.00	1	81	\N	3	53	\N
1060	71.00	-1.00	2	81	\N	7	14	\N
1061	72.00	0.00	3	81	\N	34	17	\N
1062	73.00	1.00	4	81	\N	13	26	\N
1057	109.00	37.00	25	80	\N	31	\N	\N
1063	75.00	3.00	5	81	\N	33	20	\N
1064	76.00	4.00	6	81	\N	42	25	\N
1066	78.00	6.00	7	81	\N	2	12	\N
1067	78.00	6.00	7	81	\N	10	5	\N
1065	78.00	6.00	7	81	\N	18	20	\N
1068	80.00	8.00	10	81	\N	29	72	\N
1069	81.00	9.00	11	81	\N	15	182	\N
1071	82.00	10.00	12	81	\N	16	55	\N
1073	67.00	-5.00	1	82	\N	17	51	\N
1074	69.00	-3.00	2	82	\N	7	32	\N
1075	70.00	-2.00	3	82	\N	15	8	\N
1099	88.00	16.00	12	83	\N	15	\N	\N
1077	74.00	2.00	4	82	\N	13	11	\N
1076	74.00	2.00	4	82	\N	24	20	\N
1078	75.00	3.00	6	82	\N	5	41	\N
1080	77.00	5.00	7	82	\N	72	66	\N
1079	77.00	5.00	7	82	\N	40	10	\N
1104	91.00	19.00	17	83	\N	19	\N	\N
1109	93.00	21.00	22	83	\N	5	\N	\N
1081	77.00	5.00	7	82	\N	33	25	\N
1082	78.00	6.00	10	82	\N	76	50	\N
1083	80.00	8.00	11	82	\N	88	12	\N
1105	92.00	20.00	18	83	\N	2	\N	\N
1100	89.00	17.00	13	83	\N	30	\N	\N
1101	90.00	18.00	14	83	\N	3	\N	\N
1106	92.00	20.00	18	83	\N	33	\N	\N
1103	90.00	18.00	14	83	\N	32	\N	\N
1110	94.00	22.00	23	83	\N	41	\N	\N
1107	92.00	20.00	18	83	\N	10	\N	\N
1108	92.00	20.00	18	83	\N	25	\N	\N
1113	109.00	37.00	26	83	\N	72	\N	\N
1112	105.00	33.00	25	83	\N	18	\N	\N
1111	104.00	32.00	24	83	\N	16	\N	\N
1102	90.00	18.00	14	83	\N	14	\N	\N
1095	85.00	13.00	6	83	\N	20	\N	\N
1098	87.00	15.00	10	83	\N	4	\N	\N
1097	87.00	15.00	10	83	\N	8	\N	\N
1096	86.00	14.00	9	83	\N	12	\N	\N
1094	85.00	13.00	6	83	\N	6	\N	\N
1093	85.00	13.00	6	83	\N	40	\N	\N
1092	84.00	12.00	4	83	\N	42	\N	\N
1091	84.00	12.00	4	83	\N	13	\N	\N
1090	83.00	11.00	3	83	\N	29	\N	\N
1089	79.00	7.00	2	83	\N	51	\N	\N
1088	78.00	6.00	1	83	\N	9	\N	\N
1115	75.00	3.00	2	84	\N	13	6	\N
1116	76.00	4.00	3	84	\N	2	51	\N
1147	77.00	5.00	7	87	\N	15	39	\N
1149	77.00	5.00	7	87	\N	50	19	\N
1148	77.00	5.00	7	87	\N	12	20	\N
1150	84.00	12.00	10	87	\N	5	75	\N
1151	84.00	12.00	10	87	\N	30	2	\N
1152	87.00	15.00	12	87	\N	16	18	\N
1200	68.00	-4.00	2	91	\N	11	97	\N
1201	69.00	-3.00	3	91	\N	8	18	\N
1133	71.00	-1.00	1	86	\N	25	27	\N
1134	74.00	2.00	2	86	\N	6	30	\N
1114	74.00	2.00	1	84	\N	19	5	\N
1117	77.00	5.00	4	84	\N	41	20	\N
1118	78.00	6.00	5	84	\N	15	7	\N
1119	85.00	13.00	6	84	\N	50	10	\N
1120	90.00	18.00	7	84	\N	11	71	\N
1121	91.00	19.00	8	84	\N	95	55	\N
1202	70.00	-2.00	4	91	\N	27	4	\N
1135	74.00	2.00	2	86	\N	13	13	\N
1203	71.00	-1.00	5	91	\N	35	5	\N
1136	75.00	3.00	4	86	\N	33	19	\N
1137	76.00	4.00	5	86	\N	2	15	\N
1204	73.00	1.00	6	91	\N	93	9	\N
1138	77.00	5.00	6	86	\N	3	7	\N
1183	81.00	9.00	15	89	\N	4	10	\N
1122	62.00	-10.00	1	85	191	13	35	27
1123	62.00	-10.00	1	85	66	6	21	37
1184	94.00	22.00	16	89	\N	33	47	\N
1124	65.00	-7.00	3	85	72	51	17	33
1125	67.00	-5.00	4	85	28	20	29	19
1126	67.00	-5.00	4	85	10	8	42	11
1132	68.00	-4.00	6	85	41	40	14	25
1127	68.00	-4.00	6	85	71	5	15	16
1205	73.00	1.00	6	91	\N	6	65	\N
1128	69.00	-3.00	8	85	47	4	12	2
1131	70.00	-2.00	9	85	18	3	24	30
1130	73.00	1.00	10	85	57	32	7	38
1206	74.00	2.00	8	91	\N	7	3	\N
1139	78.00	6.00	7	86	\N	12	17	\N
1185	70.00	-2.00	1	90	\N	21	49	\N
1140	80.00	8.00	8	86	\N	39	4	\N
1186	70.00	-2.00	1	90	\N	101	42	\N
1188	71.00	-1.00	3	90	\N	77	13	\N
1187	71.00	-1.00	3	90	\N	7	26	\N
1189	73.00	1.00	5	90	\N	34	65	\N
1190	74.00	2.00	6	90	\N	19	8	\N
1191	75.00	3.00	7	90	\N	11	31	\N
1169	64.00	-8.00	1	89	\N	53	7	\N
1170	69.00	-3.00	2	89	\N	52	9	\N
1171	69.00	-3.00	2	89	\N	97	2	\N
1172	72.00	0.00	4	89	\N	65	5	\N
1173	73.00	1.00	5	89	\N	11	3	\N
1175	74.00	2.00	6	89	\N	44	12	\N
1174	74.00	2.00	6	89	\N	192	8	\N
1153	66.00	-6.00	1	88	\N	4	97	\N
1192	76.00	4.00	8	90	\N	4	18	\N
1176	75.00	3.00	8	89	\N	193	23	\N
1177	75.00	3.00	8	89	\N	49	19	\N
1178	75.00	3.00	8	89	\N	31	30	\N
1180	76.00	4.00	11	89	\N	62	37	\N
1194	77.00	5.00	9	90	\N	92	194	\N
1179	76.00	4.00	11	89	\N	61	14	\N
1154	73.00	1.00	2	88	\N	8	24	\N
1181	77.00	5.00	13	89	\N	22	25	\N
1193	77.00	5.00	9	90	\N	5	16	\N
1155	73.00	1.00	2	88	\N	21	5	\N
1195	81.00	9.00	11	90	\N	22	23	\N
1156	73.00	1.00	2	88	\N	42	35	\N
1157	75.00	3.00	5	88	\N	44	9	\N
1158	76.00	4.00	6	88	\N	22	29	\N
1159	76.00	4.00	6	88	\N	18	61	\N
1160	77.00	5.00	8	88	\N	32	7	\N
1162	78.00	6.00	9	88	\N	19	3	\N
1182	77.00	5.00	13	89	\N	28	38	\N
1196	82.00	10.00	12	90	\N	70	12	\N
1141	71.00	-1.00	1	87	\N	45	9	\N
1142	72.00	0.00	2	87	\N	32	160	\N
1144	73.00	1.00	3	87	\N	33	24	\N
1143	73.00	1.00	3	87	\N	3	17	\N
1145	74.00	2.00	5	87	\N	41	13	\N
1146	74.00	2.00	5	87	\N	156	27	\N
1197	82.00	10.00	12	90	\N	93	195	\N
1161	78.00	6.00	9	88	\N	11	10	\N
1163	79.00	7.00	11	88	\N	63	62	\N
1164	80.00	8.00	12	88	\N	43	6	\N
1165	82.00	10.00	13	88	\N	37	30	\N
1198	88.00	16.00	14	90	\N	10	2	\N
1166	82.00	10.00	13	88	\N	28	13	\N
1167	85.00	13.00	15	88	\N	38	23	\N
1168	88.00	16.00	16	88	\N	56	26	\N
1207	76.00	4.00	9	91	\N	13	26	\N
1208	76.00	4.00	9	91	\N	2	23	\N
1210	78.00	6.00	11	91	\N	24	70	\N
1209	78.00	6.00	11	91	\N	67	21	\N
1211	79.00	7.00	13	91	\N	32	28	\N
1212	80.00	8.00	14	91	\N	12	22	\N
1213	80.00	8.00	14	91	\N	10	15	\N
1214	81.00	9.00	16	91	\N	44	30	\N
1215	84.00	12.00	17	91	\N	196	38	\N
1216	86.00	14.00	18	91	\N	75	16	\N
1217	87.00	15.00	19	91	\N	19	20	\N
1218	66.00	-6.00	1	92	\N	42	97	\N
1221	70.00	-2.00	2	92	\N	52	19	\N
1219	70.00	-2.00	2	92	\N	49	8	\N
1220	70.00	-2.00	2	92	\N	23	6	\N
1222	71.00	-1.00	5	92	\N	93	45	\N
1223	72.00	0.00	6	92	\N	9	33	\N
1224	72.00	0.00	6	92	\N	17	20	\N
1225	73.00	1.00	8	92	\N	3	37	\N
1226	74.00	2.00	9	92	\N	43	5	\N
1260	80.00	8.00	2	94	\N	29	\N	\N
1227	76.00	4.00	10	92	\N	18	11	\N
1229	77.00	5.00	11	92	\N	12	38	\N
1228	77.00	5.00	11	92	\N	7	13	\N
1231	78.00	6.00	13	92	\N	28	14	\N
1230	78.00	6.00	13	92	\N	25	4	\N
1232	79.00	7.00	15	92	\N	74	10	\N
1233	80.00	8.00	16	92	\N	47	189	\N
1234	83.00	11.00	17	92	\N	27	73	\N
1235	84.00	12.00	18	92	\N	22	2	\N
1237	68.00	-4.00	2	93	\N	67	168	\N
1238	69.00	-3.00	3	93	\N	61	8	\N
1239	70.00	-2.00	4	93	\N	9	30	\N
1240	73.00	1.00	5	93	\N	7	17	\N
1242	75.00	3.00	6	93	\N	29	44	\N
1241	75.00	3.00	6	93	\N	26	6	\N
1248	75.00	3.00	6	93	\N	21	18	\N
1243	76.00	4.00	9	93	\N	15	5	\N
1247	77.00	5.00	10	93	\N	27	31	\N
1246	77.00	5.00	10	93	\N	42	13	\N
1245	77.00	5.00	10	93	\N	38	4	\N
1244	77.00	5.00	10	93	\N	11	14	\N
1249	78.00	6.00	14	93	\N	12	47	\N
1250	80.00	8.00	15	93	\N	33	34	\N
1252	81.00	9.00	16	93	\N	16	55	\N
1251	81.00	9.00	16	93	\N	22	93	\N
1253	81.00	9.00	16	93	\N	197	2	\N
1254	82.00	10.00	19	93	\N	3	23	\N
1255	85.00	13.00	20	93	\N	87	194	\N
1256	89.00	17.00	21	93	\N	10	70	\N
1257	90.00	18.00	22	93	\N	198	36	\N
1236	67.00	-5.00	1	93	\N	45	35	\N
1259	80.00	8.00	2	94	\N	4	\N	\N
1262	82.00	10.00	4	94	\N	13	\N	\N
1261	82.00	10.00	4	94	\N	8	\N	\N
1263	84.00	12.00	6	94	\N	17	\N	\N
1264	85.00	13.00	7	94	\N	49	\N	\N
1265	85.00	13.00	7	94	\N	7	\N	\N
1266	86.00	14.00	9	94	\N	35	\N	\N
1270	87.00	15.00	10	94	\N	24	\N	\N
1267	87.00	15.00	10	94	\N	48	\N	\N
1269	87.00	15.00	10	94	\N	45	\N	\N
1268	87.00	15.00	10	94	\N	3	\N	\N
1273	88.00	16.00	14	94	\N	54	\N	\N
1272	88.00	16.00	14	94	\N	9	\N	\N
1271	88.00	16.00	14	94	\N	28	\N	\N
1274	89.00	17.00	17	94	\N	5	\N	\N
1279	90.00	18.00	18	94	\N	93	\N	\N
1277	90.00	18.00	18	94	\N	22	\N	\N
1276	90.00	18.00	18	94	\N	31	\N	\N
1278	90.00	18.00	18	94	\N	21	\N	\N
1281	91.00	19.00	22	94	\N	173	\N	\N
1280	91.00	19.00	22	94	\N	82	\N	\N
1282	92.00	20.00	24	94	\N	26	\N	\N
1283	93.00	21.00	25	94	\N	27	\N	\N
1285	94.00	22.00	26	94	\N	65	\N	\N
1284	94.00	22.00	26	94	\N	92	\N	\N
1286	95.00	23.00	28	94	\N	36	\N	\N
1287	96.00	24.00	29	94	\N	20	\N	\N
1288	97.00	25.00	30	94	\N	52	\N	\N
1289	98.00	26.00	31	94	\N	40	\N	\N
1290	99.00	27.00	32	94	\N	63	\N	\N
1291	99.00	27.00	32	94	\N	19	\N	\N
1292	101.00	29.00	34	94	\N	23	\N	\N
1294	103.00	31.00	35	94	\N	10	\N	\N
1293	103.00	31.00	35	94	\N	14	\N	\N
1295	104.00	32.00	37	94	\N	16	\N	\N
1297	104.00	32.00	37	94	\N	2	\N	\N
1296	104.00	32.00	37	94	\N	18	\N	\N
1298	105.00	33.00	40	94	\N	57	\N	\N
1759	73.00	1.00	2	124	\N	29	3	\N
1760	76.00	4.00	6	124	\N	28	23	\N
1378	84.00	12.00	4	100	\N	32	\N	\N
1377	84.00	12.00	4	100	\N	34	\N	\N
1306	77.00	5.00	8	95	\N	24	3	\N
1379	86.00	14.00	6	100	\N	9	\N	\N
1308	79.00	7.00	10	95	\N	37	5	\N
1309	81.00	9.00	11	95	\N	23	12	\N
1380	86.00	14.00	6	100	\N	24	\N	\N
1381	87.00	15.00	8	100	\N	6	\N	\N
1311	82.00	10.00	12	95	\N	34	38	\N
1382	87.00	15.00	8	100	\N	3	\N	\N
1310	82.00	10.00	12	95	\N	52	70	\N
1312	83.00	11.00	14	95	\N	199	25	\N
1313	84.00	12.00	15	95	\N	14	18	\N
1314	85.00	13.00	16	95	\N	44	21	\N
1384	88.00	16.00	12	100	\N	7	\N	\N
1383	88.00	16.00	12	100	\N	5	\N	\N
1385	89.00	17.00	14	100	\N	23	\N	\N
1386	91.00	19.00	15	100	\N	31	\N	\N
1315	72.00	0.00	1	96	\N	30	65	\N
1332	72.00	0.00	1	97	\N	49	23	\N
1375	80.00	8.00	2	100	\N	13	\N	\N
1376	81.00	9.00	3	100	\N	54	\N	\N
1316	73.00	1.00	2	96	\N	181	33	\N
1317	74.00	2.00	3	96	\N	11	5	\N
1318	74.00	2.00	3	96	\N	21	25	\N
1319	75.00	3.00	5	96	\N	13	10	\N
1333	72.00	0.00	1	97	\N	4	46	\N
1320	75.00	3.00	5	96	\N	200	32	\N
1331	72.00	0.00	1	97	\N	36	8	\N
1334	73.00	1.00	4	97	\N	31	40	\N
1321	77.00	5.00	7	96	\N	23	4	\N
1322	78.00	6.00	8	96	\N	2	6	\N
1324	78.00	6.00	8	96	\N	42	7	\N
1323	78.00	6.00	8	96	\N	16	8	\N
1335	74.00	2.00	5	97	\N	45	13	\N
1338	75.00	3.00	6	97	\N	28	30	\N
1326	80.00	8.00	11	96	\N	37	67	\N
1325	80.00	8.00	11	96	\N	18	3	\N
1328	82.00	10.00	13	96	\N	14	20	\N
1329	82.00	10.00	13	96	\N	44	38	\N
1327	82.00	10.00	13	96	\N	164	12	\N
1330	83.00	11.00	16	96	\N	70	22	\N
1258	79.00	7.00	1	94	\N	6	\N	\N
1336	75.00	3.00	6	97	\N	5	3	\N
1337	75.00	3.00	6	97	\N	12	14	\N
1339	76.00	4.00	9	97	\N	16	9	\N
1340	77.00	5.00	10	97	\N	41	17	\N
1341	81.00	9.00	11	97	\N	47	38	\N
1342	82.00	10.00	12	97	\N	11	15	\N
1344	83.00	11.00	13	97	\N	19	80	\N
1343	83.00	11.00	13	97	\N	2	24	\N
1345	85.00	13.00	15	97	\N	22	10	\N
1299	71.00	-1.00	1	95	\N	65	9	\N
1300	72.00	0.00	2	95	\N	68	2	\N
1301	73.00	1.00	3	95	\N	10	8	\N
1302	74.00	2.00	4	95	\N	45	4	\N
1303	74.00	2.00	4	95	\N	13	60	\N
1304	75.00	3.00	6	95	\N	53	33	\N
1305	76.00	4.00	7	95	\N	61	6	\N
1307	77.00	5.00	8	95	\N	7	22	\N
1351	72.00	0.00	6	98	\N	25	13	\N
1352	73.00	1.00	7	98	\N	17	4	\N
1353	76.00	4.00	8	98	\N	202	23	\N
1354	77.00	5.00	9	98	\N	32	30	\N
1355	78.00	6.00	10	98	\N	41	54	\N
1358	80.00	8.00	11	98	\N	197	77	\N
1356	80.00	8.00	11	98	\N	11	19	\N
1357	80.00	8.00	11	98	\N	16	3	\N
1359	81.00	9.00	14	98	\N	10	12	\N
1360	83.00	11.00	15	98	\N	70	62	\N
1372	73.00	1.00	4	99	\N	65	11	\N
1367	75.00	3.00	8	99	\N	31	115	\N
1346	69.00	-3.00	1	98	\N	31	8	\N
1347	70.00	-2.00	2	98	\N	9	2	\N
1348	70.00	-2.00	2	98	\N	5	24	\N
1349	71.00	-1.00	4	98	\N	33	6	\N
1350	71.00	-1.00	4	98	\N	201	42	\N
1364	73.00	1.00	4	99	\N	25	14	\N
1366	75.00	3.00	8	99	\N	28	3	\N
1369	80.00	8.00	11	99	\N	15	4	\N
1373	74.00	2.00	6	99	\N	21	12	\N
1361	70.00	-2.00	1	99	\N	61	23	\N
1362	71.00	-1.00	2	99	\N	41	8	\N
1363	72.00	0.00	3	99	\N	6	82	\N
1365	74.00	2.00	6	99	\N	22	9	\N
1368	75.00	3.00	8	99	\N	5	16	\N
1371	81.00	9.00	12	99	\N	36	38	\N
1370	81.00	9.00	12	99	\N	7	34	\N
1441	76.00	4.00	5	103	\N	7	6	\N
1442	76.00	4.00	5	103	\N	27	24	\N
1448	76.00	4.00	5	103	\N	5	20	\N
1410	70.00	-2.00	1	101	\N	54	24	\N
1411	75.00	3.00	2	101	\N	17	42	\N
1412	75.00	3.00	2	101	\N	11	13	\N
1413	76.00	4.00	4	101	\N	15	3	\N
1414	76.00	4.00	4	101	\N	164	12	\N
1416	78.00	6.00	6	101	\N	83	14	\N
1415	78.00	6.00	6	101	\N	44	78	\N
1417	79.00	7.00	8	101	\N	33	60	\N
1418	83.00	11.00	9	101	\N	31	10	\N
1419	87.00	15.00	10	101	\N	41	57	\N
1420	87.00	15.00	10	101	\N	36	171	\N
1421	88.00	16.00	12	101	\N	204	50	\N
1443	77.00	5.00	8	103	\N	42	4	\N
1444	78.00	6.00	9	103	\N	10	3	\N
1374	79.00	7.00	1	100	\N	8	\N	\N
1400	87.00	15.00	8	100	\N	37	\N	\N
1401	87.00	15.00	8	100	\N	65	\N	\N
1387	91.00	19.00	15	100	\N	22	\N	\N
1388	92.00	20.00	17	100	\N	12	\N	\N
1389	92.00	20.00	17	100	\N	26	\N	\N
1390	93.00	21.00	19	100	\N	14	\N	\N
1391	94.00	22.00	20	100	\N	21	\N	\N
1393	96.00	24.00	21	100	\N	67	\N	\N
1392	96.00	24.00	21	100	\N	11	\N	\N
1394	96.00	24.00	21	100	\N	50	\N	\N
1397	97.00	25.00	24	100	\N	49	\N	\N
1395	97.00	25.00	24	100	\N	20	\N	\N
1396	97.00	25.00	24	100	\N	62	\N	\N
1398	98.00	26.00	27	100	\N	19	\N	\N
1399	98.00	26.00	27	100	\N	203	\N	\N
1403	99.00	27.00	29	100	\N	15	\N	\N
1404	99.00	27.00	29	100	\N	17	\N	\N
1402	99.00	27.00	29	100	\N	16	\N	\N
1405	100.00	28.00	32	100	\N	18	\N	\N
1406	103.00	31.00	33	100	\N	38	\N	\N
1407	104.00	32.00	34	100	\N	41	\N	\N
1445	80.00	8.00	10	103	\N	8	34	\N
1446	85.00	13.00	11	103	\N	15	18	\N
1447	85.00	13.00	11	103	\N	50	76	\N
1422	67.00	-5.00	1	102	\N	4	30	\N
1474	81.00	9.00	2	106	\N	53	\N	\N
1423	69.00	-3.00	2	102	\N	17	6	\N
1425	70.00	-2.00	3	102	\N	14	53	\N
1424	70.00	-2.00	3	102	\N	8	2	\N
1427	71.00	-1.00	5	102	\N	61	28	\N
1426	71.00	-1.00	5	102	\N	24	31	\N
1429	72.00	0.00	7	102	\N	3	46	\N
1428	72.00	0.00	7	102	\N	23	13	\N
1431	73.00	1.00	9	102	\N	27	12	\N
1430	73.00	1.00	9	102	\N	29	7	\N
1432	73.00	1.00	9	102	\N	9	10	\N
1433	74.00	2.00	12	102	\N	78	44	\N
1434	76.00	4.00	13	102	\N	33	54	\N
1435	77.00	5.00	14	102	\N	82	205	\N
1436	81.00	9.00	15	102	\N	11	38	\N
1438	72.00	0.00	2	103	\N	191	25	\N
1439	73.00	1.00	3	103	\N	30	35	\N
1440	74.00	2.00	4	103	\N	93	22	\N
1460	83.00	11.00	11	104	\N	4	10	\N
1459	83.00	11.00	11	104	\N	22	33	\N
1449	68.00	-4.00	1	104	\N	27	7	\N
1450	72.00	0.00	2	104	\N	16	35	\N
1451	73.00	1.00	3	104	\N	17	13	\N
1452	74.00	2.00	4	104	\N	6	3	\N
1453	74.00	2.00	4	104	\N	5	42	\N
1454	78.00	6.00	6	104	\N	29	206	\N
1457	79.00	7.00	7	104	\N	38	30	\N
1468	75.00	3.00	7	105	\N	7	20	\N
1455	79.00	7.00	7	104	\N	34	20	\N
1456	79.00	7.00	7	104	\N	207	15	\N
1471	82.00	10.00	11	105	\N	44	38	\N
1458	80.00	8.00	10	104	\N	208	2	\N
1472	82.00	10.00	11	105	\N	153	19	\N
1437	70.00	-2.00	1	103	\N	13	12	\N
1470	78.00	6.00	10	105	\N	3	22	\N
1467	75.00	3.00	7	105	\N	6	10	\N
1469	76.00	4.00	9	105	\N	210	14	\N
1465	73.00	1.00	5	105	\N	36	9	\N
1466	74.00	2.00	6	105	\N	40	209	\N
1464	72.00	0.00	4	105	\N	11	8	\N
1462	70.00	-2.00	2	105	\N	2	13	\N
1463	70.00	-2.00	2	105	\N	207	27	\N
1476	84.00	12.00	4	106	\N	9	\N	\N
1475	83.00	11.00	3	106	\N	6	\N	\N
1461	67.00	-5.00	1	105	\N	23	35	\N
1479	87.00	15.00	7	106	\N	8	\N	\N
1478	86.00	14.00	6	106	\N	45	\N	\N
1477	84.00	12.00	4	106	\N	29	\N	\N
1758	83.00	11.00	12	124	\N	18	5	\N
1531	69.00	-3.00	1	109	\N	96	12	\N
1532	70.00	-2.00	2	109	\N	24	32	\N
1533	70.00	-2.00	2	109	\N	25	7	\N
1534	73.00	1.00	4	109	\N	6	20	\N
1511	71.00	-1.00	1	107	\N	40	79	\N
1512	72.00	0.00	3	107	\N	212	207	\N
1481	87.00	15.00	7	106	\N	25	\N	\N
1513	73.00	1.00	4	107	\N	32	38	\N
1482	88.00	16.00	10	106	\N	12	\N	\N
1484	88.00	16.00	10	106	\N	31	\N	\N
1483	88.00	16.00	10	106	\N	23	\N	\N
1485	89.00	17.00	13	106	\N	54	\N	\N
1486	89.00	17.00	13	106	\N	24	\N	\N
1487	90.00	18.00	15	106	\N	5	\N	\N
1488	90.00	18.00	15	106	\N	26	\N	\N
1491	91.00	19.00	17	106	\N	22	\N	\N
1490	91.00	19.00	17	106	\N	40	\N	\N
1514	74.00	2.00	5	107	\N	22	6	\N
1517	78.00	6.00	6	107	\N	30	29	\N
1516	78.00	6.00	6	107	\N	17	2	\N
1515	78.00	6.00	6	107	\N	60	7	\N
1518	79.00	7.00	9	107	\N	26	34	\N
1519	80.00	8.00	10	107	\N	44	78	\N
1520	83.00	11.00	11	107	\N	12	3	\N
1521	84.00	12.00	12	107	\N	27	10	\N
1522	90.00	18.00	13	107	\N	5	75	\N
1523	91.00	19.00	14	107	\N	16	18	\N
1492	92.00	20.00	19	106	\N	17	\N	\N
1493	93.00	21.00	20	106	\N	30	\N	\N
1494	94.00	22.00	21	106	\N	34	\N	\N
1495	96.00	24.00	22	106	\N	63	\N	\N
1496	98.00	26.00	23	106	\N	21	\N	\N
1497	99.00	27.00	24	106	\N	7	\N	\N
1499	101.00	29.00	25	106	\N	47	\N	\N
1498	101.00	29.00	25	106	\N	20	\N	\N
1500	102.00	30.00	27	106	\N	16	\N	\N
1501	103.00	31.00	28	106	\N	37	\N	\N
1503	105.00	33.00	29	106	\N	11	\N	\N
1502	105.00	33.00	29	106	\N	18	\N	\N
1504	108.00	36.00	31	106	\N	41	\N	\N
1505	108.00	36.00	31	106	\N	62	\N	\N
1506	109.00	37.00	33	106	\N	33	\N	\N
1507	114.00	42.00	34	106	\N	10	\N	\N
1508	118.00	46.00	35	106	\N	56	\N	\N
1509	119.00	47.00	36	106	\N	211	\N	\N
1510	71.00	-1.00	1	107	\N	24	9	\N
1524	66.00	-6.00	1	108	\N	24	17	\N
1525	73.00	1.00	2	108	\N	2	8	\N
1526	73.00	1.00	2	108	\N	14	30	\N
1528	75.00	3.00	4	108	\N	70	9	\N
1529	77.00	5.00	5	108	\N	213	13	\N
1530	82.00	10.00	6	108	\N	22	214	\N
1473	80.00	8.00	1	106	\N	49	\N	\N
1535	73.00	1.00	4	109	\N	215	8	\N
1536	74.00	2.00	6	109	\N	30	13	\N
1537	74.00	2.00	6	109	\N	26	3	\N
1538	75.00	3.00	8	109	\N	18	34	\N
1539	76.00	4.00	9	109	\N	49	28	\N
1540	78.00	6.00	10	109	\N	23	33	\N
1541	79.00	7.00	11	109	\N	19	36	\N
1542	80.00	8.00	12	109	\N	5	16	\N
1543	82.00	10.00	13	109	\N	10	60	\N
1544	84.00	12.00	14	109	\N	15	2	\N
1563	99.00	27.00	17	110	\N	22	\N	\N
1573	103.00	31.00	22	110	\N	16	\N	\N
1564	100.00	28.00	20	110	\N	2	\N	\N
1560	97.00	25.00	16	110	\N	11	\N	\N
1567	104.00	32.00	24	110	\N	20	\N	\N
1568	105.00	33.00	25	110	\N	37	\N	\N
1566	103.00	31.00	22	110	\N	49	\N	\N
1565	102.00	30.00	21	110	\N	30	\N	\N
1562	99.00	27.00	17	110	\N	12	\N	\N
1559	96.00	24.00	14	110	\N	14	\N	\N
1561	99.00	27.00	17	110	\N	23	\N	\N
1558	96.00	24.00	14	110	\N	13	\N	\N
1556	95.00	23.00	12	110	\N	42	\N	\N
1557	95.00	23.00	12	110	\N	33	\N	\N
1555	94.00	22.00	11	110	\N	40	\N	\N
1554	91.00	19.00	10	110	\N	27	\N	\N
1551	89.00	17.00	7	110	\N	7	\N	\N
1553	90.00	18.00	8	110	\N	24	\N	\N
1552	90.00	18.00	8	110	\N	17	\N	\N
1550	88.00	16.00	6	110	\N	3	\N	\N
1569	109.00	37.00	26	110	\N	57	\N	\N
1570	110.00	38.00	27	110	\N	50	\N	\N
1571	111.00	39.00	28	110	\N	41	\N	\N
1572	113.00	41.00	29	110	\N	10	\N	\N
1574	114.00	42.00	30	110	\N	55	\N	\N
1480	87.00	15.00	7	106	\N	3	\N	\N
1547	84.00	12.00	3	110	\N	8	\N	\N
1548	86.00	14.00	4	110	\N	5	\N	\N
1549	86.00	14.00	4	110	\N	6	\N	\N
1545	82.00	10.00	1	110	\N	32	\N	\N
1546	83.00	11.00	2	110	\N	9	\N	\N
1575	115.00	43.00	31	110	\N	82	\N	\N
1576	115.00	43.00	31	110	\N	99	\N	\N
1632	77.00	5.00	2	116	\N	6	28	\N
1578	72.00	0.00	2	111	\N	32	84	\N
1579	72.00	0.00	2	111	\N	27	20	\N
1580	72.00	0.00	2	111	\N	19	22	\N
1581	74.00	2.00	5	111	\N	83	8	\N
1582	76.00	4.00	6	111	\N	25	2	\N
1584	77.00	5.00	7	111	\N	6	13	\N
1585	77.00	5.00	7	111	\N	40	50	\N
1586	78.00	6.00	9	111	\N	14	11	\N
1587	81.00	9.00	10	111	\N	5	55	\N
1588	84.00	12.00	11	111	\N	10	41	\N
1589	89.00	17.00	12	111	\N	95	16	\N
1591	63.00	-9.00	1	112	57	7	27	4
1635	79.00	7.00	5	116	\N	58	4	\N
1636	79.00	7.00	5	116	\N	43	3	\N
1592	64.00	-8.00	2	112	217	13	45	216
1596	65.00	-7.00	3	112	41	17	32	34
1593	65.00	-7.00	3	112	75	3	23	46
1594	65.00	-7.00	3	112	82	6	60	20
1595	65.00	-7.00	3	112	19	9	42	2
1597	66.00	-6.00	7	112	10	22	35	61
1599	67.00	-5.00	8	112	69	8	14	36
1598	67.00	-5.00	8	112	18	5	21	15
1600	70.00	-2.00	10	112	33	24	40	16
1601	74.00	2.00	1	113	\N	12	6	\N
1602	74.00	2.00	1	113	\N	3	17	\N
1603	75.00	3.00	3	113	\N	30	7	\N
1605	76.00	4.00	4	113	\N	170	25	\N
1604	76.00	4.00	4	113	\N	45	179	\N
1607	78.00	6.00	6	113	\N	19	65	\N
1606	78.00	6.00	6	113	\N	40	33	\N
1608	80.00	8.00	8	113	\N	22	24	\N
1609	81.00	9.00	9	113	\N	15	4	\N
1610	82.00	10.00	10	113	\N	38	28	\N
1611	86.00	14.00	11	113	\N	2	41	\N
1612	87.00	15.00	12	113	\N	10	23	\N
1621	70.00	-2.00	1	115	\N	40	4	\N
1622	70.00	-2.00	1	115	\N	27	46	\N
1623	71.00	-1.00	3	115	\N	45	53	\N
1613	71.00	-1.00	1	114	\N	7	25	\N
1614	72.00	0.00	2	114	\N	78	44	\N
1615	75.00	3.00	3	114	\N	32	84	\N
1616	75.00	3.00	3	114	\N	73	4	\N
1617	77.00	5.00	5	114	\N	17	19	\N
1618	78.00	6.00	6	114	\N	2	27	\N
1619	82.00	10.00	7	114	\N	20	10	\N
1620	91.00	19.00	8	114	\N	153	50	\N
1624	72.00	0.00	4	115	\N	15	14	\N
1625	73.00	1.00	5	115	\N	2	3	\N
1626	74.00	2.00	6	115	\N	17	12	\N
1627	76.00	4.00	7	115	\N	24	10	\N
1629	77.00	5.00	8	115	\N	60	6	\N
1628	77.00	5.00	8	115	\N	218	20	\N
1630	78.00	6.00	10	115	\N	30	29	\N
1631	74.00	2.00	1	116	\N	9	18	\N
1633	77.00	5.00	2	116	\N	23	21	\N
1634	77.00	5.00	2	116	\N	35	11	\N
1643	88.00	16.00	7	117	\N	21	23	\N
1637	75.00	3.00	1	117	\N	53	58	\N
1638	79.00	7.00	2	117	\N	29	4	\N
1639	80.00	8.00	3	117	\N	7	18	\N
1641	80.00	8.00	3	117	\N	9	90	\N
1645	89.00	17.00	9	117	\N	5	16	\N
1646	90.00	18.00	10	117	\N	22	13	\N
1640	80.00	8.00	3	117	\N	3	28	\N
1642	85.00	13.00	6	117	\N	6	14	\N
1644	88.00	16.00	7	117	\N	2	26	\N
1657	82.00	10.00	11	118	\N	18	11	\N
1656	80.00	8.00	10	118	\N	3	16	\N
1658	83.00	11.00	12	118	\N	37	23	\N
1655	77.00	5.00	9	118	\N	219	5	\N
1654	76.00	4.00	7	118	\N	25	34	\N
1653	76.00	4.00	7	118	\N	14	28	\N
1652	73.00	1.00	6	118	\N	7	26	\N
1650	72.00	0.00	4	118	\N	48	58	\N
1651	72.00	0.00	4	118	\N	2	4	\N
1649	71.00	-1.00	3	118	\N	49	19	\N
1648	70.00	-2.00	2	118	\N	13	6	\N
1647	63.00	-9.00	1	118	\N	29	9	\N
1662	72.00	0.00	3	119	\N	220	29	\N
1661	72.00	0.00	3	119	\N	3	7	\N
1660	71.00	-1.00	2	119	\N	9	16	\N
1577	70.00	-2.00	1	111	\N	7	28	\N
1683	76.00	4.00	8	120	\N	122	8	\N
1751	74.00	2.00	4	124	\N	21	7	\N
1682	76.00	4.00	8	120	\N	59	45	\N
1684	80.00	8.00	10	120	\N	7	25	\N
1685	80.00	8.00	10	120	\N	3	11	\N
1752	75.00	3.00	5	124	\N	37	25	\N
1686	82.00	10.00	12	120	\N	14	83	\N
1687	82.00	10.00	12	120	\N	91	23	\N
1753	76.00	4.00	6	124	\N	92	4	\N
1750	73.00	1.00	2	124	\N	42	9	\N
1707	92.00	20.00	19	121	\N	46	\N	\N
1659	70.00	-2.00	1	119	\N	92	35	\N
1663	73.00	1.00	5	119	\N	79	113	\N
1664	75.00	3.00	6	119	\N	17	5	\N
1666	76.00	4.00	7	119	\N	14	4	\N
1665	76.00	4.00	7	119	\N	11	28	\N
1667	76.00	4.00	7	119	\N	129	13	\N
1668	76.00	4.00	7	119	\N	43	21	\N
1669	78.00	6.00	11	119	\N	6	26	\N
1671	80.00	8.00	12	119	\N	210	221	\N
1670	80.00	8.00	12	119	\N	52	22	\N
1672	84.00	12.00	14	119	\N	58	2	\N
1673	87.00	15.00	15	119	\N	23	37	\N
1674	102.00	30.00	16	119	\N	219	222	\N
1708	93.00	21.00	20	121	\N	14	\N	\N
1716	94.00	22.00	21	121	\N	57	\N	\N
1710	94.00	22.00	21	121	\N	17	\N	\N
1714	95.00	23.00	23	121	\N	26	\N	\N
1711	95.00	23.00	23	121	\N	48	\N	\N
1712	95.00	23.00	23	121	\N	22	\N	\N
1713	95.00	23.00	23	121	\N	43	\N	\N
1676	71.00	-1.00	1	120	\N	9	16	\N
1675	71.00	-1.00	1	120	\N	43	4	\N
1677	73.00	1.00	3	120	\N	19	2	\N
1678	74.00	2.00	4	120	\N	35	29	\N
1679	74.00	2.00	4	120	\N	5	48	\N
1680	75.00	3.00	6	120	\N	21	37	\N
1681	75.00	3.00	6	120	\N	90	6	\N
1717	97.00	25.00	27	121	\N	11	\N	\N
1715	97.00	25.00	27	121	\N	224	\N	\N
1718	100.00	28.00	29	121	\N	52	\N	\N
1719	102.00	30.00	30	121	\N	49	\N	\N
1729	78.00	6.00	2	122	\N	6	29	\N
1199	66.00	-6.00	1	91	\N	31	53	\N
813	75.00	3.00	1	66	\N	31	115	\N
1688	77.00	5.00	1	121	\N	9	\N	\N
1689	78.00	6.00	2	121	\N	220	\N	\N
1692	80.00	8.00	3	121	\N	68	\N	\N
1730	78.00	6.00	2	122	\N	58	2	\N
1690	80.00	8.00	3	121	\N	5	\N	\N
1691	80.00	8.00	3	121	\N	35	\N	\N
1694	82.00	10.00	6	121	\N	45	\N	\N
1696	82.00	10.00	6	121	\N	223	\N	\N
1693	82.00	10.00	6	121	\N	29	\N	\N
1697	85.00	13.00	9	121	\N	6	\N	\N
1699	86.00	14.00	10	121	\N	21	\N	\N
1700	86.00	14.00	10	121	\N	59	\N	\N
1720	103.00	31.00	31	121	\N	16	\N	\N
1721	103.00	31.00	31	121	\N	7	\N	\N
1722	103.00	31.00	31	121	\N	23	\N	\N
1724	109.00	37.00	34	121	\N	2	\N	\N
1723	109.00	37.00	34	121	\N	42	\N	\N
1737	96.00	24.00	11	122	\N	43	226	\N
1698	86.00	14.00	10	121	\N	4	\N	\N
1701	87.00	15.00	13	121	\N	3	\N	\N
1702	87.00	15.00	13	121	\N	58	\N	\N
1725	113.00	41.00	36	121	\N	18	\N	\N
1703	88.00	16.00	15	121	\N	8	\N	\N
1705	89.00	17.00	16	121	\N	28	\N	\N
1728	78.00	6.00	2	122	\N	4	34	\N
1731	79.00	7.00	5	122	\N	8	26	\N
1706	89.00	17.00	16	121	\N	61	\N	\N
1704	89.00	17.00	16	121	\N	19	\N	\N
1732	80.00	8.00	6	122	\N	21	3	\N
1733	85.00	13.00	7	122	\N	28	225	\N
1734	86.00	14.00	8	122	\N	5	16	\N
1726	76.00	4.00	1	122	\N	9	17	\N
1735	90.00	18.00	9	122	\N	11	44	\N
1736	95.00	23.00	10	122	\N	50	19	\N
1748	85.00	13.00	11	123	\N	16	2	\N
1744	76.00	4.00	7	123	\N	5	23	\N
1746	78.00	6.00	9	123	\N	44	37	\N
1745	76.00	4.00	7	123	\N	48	19	\N
1743	75.00	3.00	4	123	\N	49	7	\N
1742	75.00	3.00	4	123	\N	22	3	\N
1741	75.00	3.00	4	123	\N	17	4	\N
1747	81.00	9.00	10	123	\N	11	6	\N
1740	74.00	2.00	3	123	\N	43	8	\N
1738	73.00	1.00	1	123	\N	21	28	\N
1739	73.00	1.00	1	123	\N	10	9	\N
1800	94.00	22.00	27	126	\N	62	\N	\N
2119	74.00	2.00	2	150	\N	25	34	\N
2120	75.00	3.00	4	150	\N	8	11	\N
2118	74.00	2.00	2	150	\N	21	28	\N
1801	96.00	24.00	28	126	\N	37	\N	\N
1814	74.00	2.00	3	127	\N	232	37	\N
1749	67.00	-5.00	1	124	\N	48	8	\N
1754	76.00	4.00	6	124	\N	35	10	\N
1755	77.00	5.00	9	124	\N	227	43	\N
1756	80.00	8.00	10	124	\N	85	6	\N
1757	81.00	9.00	11	124	\N	228	229	\N
1815	74.00	2.00	3	127	\N	54	62	\N
1802	96.00	24.00	28	126	\N	23	\N	\N
1803	96.00	24.00	28	126	\N	19	\N	\N
1762	70.00	-2.00	1	125	\N	9	11	\N
1761	70.00	-2.00	1	125	\N	23	8	\N
1763	70.00	-2.00	1	125	\N	48	4	\N
1764	71.00	-1.00	4	125	\N	6	17	\N
1766	72.00	0.00	5	125	\N	21	5	\N
1765	72.00	0.00	5	125	\N	49	28	\N
1767	73.00	1.00	7	125	\N	58	3	\N
1769	75.00	3.00	8	125	\N	54	63	\N
1768	75.00	3.00	8	125	\N	13	34	\N
1770	81.00	9.00	10	125	\N	22	43	\N
1771	82.00	10.00	11	125	\N	7	10	\N
1772	93.00	21.00	12	125	\N	230	2	\N
1804	97.00	25.00	31	126	\N	16	\N	\N
1805	98.00	26.00	32	126	\N	43	\N	\N
1806	98.00	26.00	32	126	\N	42	\N	\N
1807	103.00	31.00	34	126	\N	2	\N	\N
1808	105.00	33.00	35	126	\N	15	\N	\N
1773	81.00	9.00	1	126	\N	48	\N	\N
1775	82.00	10.00	2	126	\N	34	\N	\N
1774	82.00	10.00	2	126	\N	4	\N	\N
1777	83.00	11.00	4	126	\N	21	\N	\N
1776	83.00	11.00	4	126	\N	9	\N	\N
1778	84.00	12.00	6	126	\N	8	\N	\N
1781	85.00	13.00	7	126	\N	31	\N	\N
1779	85.00	13.00	7	126	\N	35	\N	\N
1809	107.00	35.00	36	126	\N	26	\N	\N
1810	110.00	38.00	37	126	\N	18	\N	\N
1811	123.00	51.00	38	126	\N	10	\N	\N
1825	75.00	3.00	5	127	\N	13	3	\N
1780	85.00	13.00	7	126	\N	17	\N	\N
1784	87.00	15.00	10	126	\N	207	\N	\N
1786	87.00	15.00	10	126	\N	32	\N	\N
1785	87.00	15.00	10	126	\N	5	\N	\N
1783	87.00	15.00	10	126	\N	49	\N	\N
1782	87.00	15.00	10	126	\N	3	\N	\N
1787	87.00	15.00	10	126	\N	53	\N	\N
1788	88.00	16.00	16	126	\N	52	\N	\N
1789	88.00	16.00	16	126	\N	28	\N	\N
1791	89.00	17.00	18	126	\N	14	\N	\N
1818	76.00	4.00	6	127	\N	28	47	\N
1790	89.00	17.00	18	126	\N	63	\N	\N
1792	91.00	19.00	20	126	\N	231	\N	\N
1817	76.00	4.00	6	127	\N	5	55	\N
1793	92.00	20.00	21	126	\N	11	\N	\N
1796	92.00	20.00	21	126	\N	25	\N	\N
1816	76.00	4.00	6	127	\N	21	91	\N
1819	77.00	5.00	9	127	\N	2	48	\N
1798	92.00	20.00	21	126	\N	29	\N	\N
1821	78.00	6.00	10	127	\N	4	10	\N
1820	78.00	6.00	10	127	\N	31	43	\N
1797	92.00	20.00	21	126	\N	13	\N	\N
1822	82.00	10.00	12	127	\N	11	16	\N
1795	92.00	20.00	21	126	\N	54	\N	\N
1799	93.00	21.00	26	126	\N	6	\N	\N
1823	83.00	11.00	13	127	\N	80	19	\N
1824	84.00	12.00	14	127	\N	59	23	\N
1812	66.00	-6.00	1	127	\N	9	25	\N
1813	68.00	-4.00	2	127	\N	45	8	\N
1837	91.00	19.00	12	128	\N	235	18	\N
1834	78.00	6.00	8	128	\N	233	31	\N
1829	73.00	1.00	4	128	\N	4	7	\N
1830	74.00	2.00	5	128	\N	9	2	\N
1835	79.00	7.00	10	128	\N	28	234	\N
1836	81.00	9.00	11	128	\N	26	23	\N
1838	96.00	24.00	13	128	\N	10	11	\N
1828	71.00	-1.00	3	128	\N	35	43	\N
1832	76.00	4.00	7	128	\N	29	47	\N
1833	78.00	6.00	8	128	\N	34	21	\N
1831	74.00	2.00	5	128	\N	5	16	\N
1827	69.00	-3.00	2	128	\N	8	6	\N
1826	68.00	-4.00	1	128	\N	3	17	\N
1847	76.00	4.00	8	129	\N	7	6	\N
1840	71.00	-1.00	2	129	\N	3	5	\N
1839	70.00	-2.00	1	129	\N	4	59	\N
1848	78.00	6.00	9	129	\N	14	43	\N
1842	73.00	1.00	3	129	\N	35	73	\N
2117	73.00	1.00	1	150	\N	100	23	\N
1878	72.00	0.00	2	131	\N	17	13	\N
1879	73.00	1.00	3	131	\N	5	16	\N
1880	74.00	2.00	4	131	\N	6	3	\N
1857	63.00	-9.00	1	130	\N	79	40	\N
1858	66.00	-6.00	2	130	\N	176	9	\N
1859	69.00	-3.00	3	130	\N	4	3	\N
1860	70.00	-2.00	4	130	\N	29	7	\N
1862	71.00	-1.00	5	130	\N	236	237	\N
1861	71.00	-1.00	5	130	\N	49	23	\N
1864	71.00	-1.00	5	130	\N	42	101	\N
1863	71.00	-1.00	5	130	\N	21	46	\N
1865	72.00	0.00	9	130	\N	35	47	\N
1866	73.00	1.00	10	130	\N	16	48	\N
1867	74.00	2.00	11	130	\N	127	113	\N
1868	74.00	2.00	11	130	\N	43	25	\N
1841	73.00	1.00	3	129	\N	32	47	\N
1856	74.00	2.00	5	129	\N	11	8	\N
1844	74.00	2.00	5	129	\N	53	85	\N
1845	75.00	3.00	7	129	\N	17	25	\N
1849	79.00	7.00	10	129	\N	22	29	\N
1850	80.00	8.00	11	129	\N	52	63	\N
1851	82.00	10.00	12	129	\N	44	38	\N
1852	84.00	12.00	13	129	\N	13	2	\N
1854	90.00	18.00	14	129	\N	16	\N	\N
1855	110.00	38.00	15	129	\N	234	10	\N
1869	75.00	3.00	13	130	\N	8	14	\N
1870	75.00	3.00	13	130	\N	238	34	\N
1871	75.00	3.00	13	130	\N	5	13	\N
1872	75.00	3.00	13	130	\N	62	54	\N
1873	76.00	4.00	17	130	\N	37	2	\N
1875	80.00	8.00	18	130	\N	166	44	\N
1874	80.00	8.00	18	130	\N	232	11	\N
1876	81.00	9.00	20	130	\N	6	10	\N
1881	75.00	3.00	5	131	\N	49	62	\N
1882	76.00	4.00	6	131	\N	53	10	\N
1883	76.00	4.00	6	131	\N	29	239	\N
1887	78.00	6.00	8	131	\N	43	7	\N
1884	79.00	7.00	9	131	\N	22	11	\N
1885	80.00	8.00	10	131	\N	18	2	\N
1886	80.00	8.00	10	131	\N	54	33	\N
1888	85.00	13.00	12	131	\N	12	38	\N
1890	89.00	17.00	13	131	\N	14	\N	\N
1889	89.00	17.00	13	131	\N	240	166	\N
1903	95.00	23.00	12	132	\N	5	\N	\N
1909	101.00	29.00	19	132	\N	28	\N	\N
1893	84.00	12.00	3	132	\N	9	\N	\N
1904	95.00	23.00	12	132	\N	4	\N	\N
1918	117.00	45.00	28	132	\N	206	\N	\N
1895	88.00	16.00	5	132	\N	6	\N	\N
1877	69.00	-3.00	1	131	\N	9	85	\N
1911	104.00	32.00	21	132	\N	19	\N	\N
1896	89.00	17.00	6	132	\N	21	\N	\N
1919	119.00	47.00	29	132	\N	2	\N	\N
1905	96.00	24.00	14	132	\N	31	\N	\N
1906	97.00	25.00	15	132	\N	3	\N	\N
1914	110.00	38.00	22	132	\N	57	\N	\N
1912	110.00	38.00	22	132	\N	15	\N	\N
1908	97.00	25.00	15	132	\N	43	\N	\N
1913	110.00	38.00	22	132	\N	238	\N	\N
1922	97.00	25.00	15	132	\N	16	\N	\N
1915	112.00	40.00	25	132	\N	18	\N	\N
1923	119.00	47.00	29	132	\N	10	\N	\N
1920	124.00	52.00	31	132	\N	241	\N	\N
1921	126.00	54.00	32	132	\N	23	\N	\N
1907	97.00	25.00	15	132	\N	34	\N	\N
1916	113.00	41.00	26	132	\N	233	\N	\N
1917	114.00	42.00	27	132	\N	98	\N	\N
1910	101.00	29.00	19	132	\N	12	\N	\N
1891	78.00	6.00	1	132	\N	68	\N	\N
1892	82.00	10.00	2	132	\N	13	\N	\N
1894	84.00	12.00	3	132	\N	17	\N	\N
1897	90.00	18.00	7	132	\N	7	\N	\N
1900	93.00	21.00	8	132	\N	26	\N	\N
1898	93.00	21.00	8	132	\N	29	\N	\N
1901	94.00	22.00	10	132	\N	25	\N	\N
1902	94.00	22.00	10	132	\N	14	\N	\N
1935	83.00	11.00	11	133	\N	11	18	\N
1932	75.00	3.00	9	133	\N	38	4	\N
1933	81.00	9.00	10	133	\N	29	52	\N
1931	73.00	1.00	7	133	\N	7	5	\N
1927	72.00	0.00	3	133	\N	43	48	\N
1926	72.00	0.00	3	133	\N	8	10	\N
1929	72.00	0.00	3	133	\N	59	17	\N
1930	73.00	1.00	7	133	\N	14	22	\N
1928	72.00	0.00	3	133	\N	25	3	\N
1925	69.00	-3.00	2	133	\N	15	9	\N
1924	67.00	-5.00	1	133	\N	53	6	\N
1934	97.00	25.00	12	133	\N	75	16	\N
1937	73.00	1.00	2	134	\N	21	47	\N
2122	79.00	7.00	6	150	\N	14	3	\N
2123	80.00	8.00	7	150	\N	261	202	\N
1936	71.00	-1.00	1	134	\N	13	7	\N
1938	74.00	2.00	3	134	\N	242	35	\N
1939	75.00	3.00	4	134	\N	2	9	\N
1942	77.00	5.00	5	134	\N	16	4	\N
1940	77.00	5.00	5	134	\N	33	8	\N
1941	77.00	5.00	5	134	\N	78	44	\N
1944	78.00	6.00	8	134	\N	43	34	\N
1943	78.00	6.00	8	134	\N	23	3	\N
1945	79.00	7.00	10	134	\N	10	48	\N
1946	80.00	8.00	11	134	\N	5	55	\N
1947	81.00	9.00	12	134	\N	19	20	\N
1948	84.00	12.00	13	134	\N	225	38	\N
1949	96.00	24.00	14	134	\N	243	244	\N
1950	76.00	4.00	1	135	\N	9	\N	\N
1951	77.00	5.00	2	135	\N	68	\N	\N
1952	81.00	9.00	3	135	\N	17	\N	\N
1953	82.00	10.00	4	135	\N	5	\N	\N
1955	84.00	12.00	5	135	\N	6	\N	\N
1956	84.00	12.00	5	135	\N	245	\N	\N
1954	84.00	12.00	5	135	\N	48	\N	\N
1957	85.00	13.00	8	135	\N	7	\N	\N
1958	86.00	14.00	9	135	\N	31	\N	\N
1960	88.00	16.00	10	135	\N	32	\N	\N
1959	88.00	16.00	10	135	\N	54	\N	\N
1961	89.00	17.00	12	135	\N	4	\N	\N
1962	90.00	18.00	13	135	\N	79	\N	\N
1963	92.00	20.00	14	135	\N	3	\N	\N
1964	96.00	24.00	15	135	\N	40	\N	\N
1965	96.00	24.00	15	135	\N	132	\N	\N
1966	97.00	25.00	17	135	\N	62	\N	\N
1967	98.00	26.00	18	135	\N	22	\N	\N
1968	100.00	28.00	19	135	\N	57	\N	\N
1973	104.00	32.00	20	135	\N	23	\N	\N
1972	107.00	35.00	21	135	\N	16	\N	\N
1971	110.00	38.00	22	135	\N	10	\N	\N
1969	111.00	39.00	23	135	\N	70	\N	\N
1970	116.00	44.00	24	135	\N	2	\N	\N
1974	66.00	-6.00	1	136	\N	68	6	\N
1975	72.00	0.00	2	136	\N	9	56	\N
1984	73.00	1.00	3	136	\N	8	21	\N
1992	66.00	-6.00	3	137	57	48	13	43
1977	74.00	2.00	4	136	\N	10	13	\N
1993	66.00	-6.00	3	137	2	7	53	54
1978	75.00	3.00	5	136	\N	18	3	\N
1989	75.00	3.00	5	136	\N	45	37	\N
1979	76.00	4.00	7	136	\N	47	4	\N
1980	76.00	4.00	7	136	\N	44	28	\N
1981	77.00	5.00	9	136	\N	83	78	\N
1982	78.00	6.00	10	136	\N	197	77	\N
1988	78.00	6.00	10	136	\N	26	2	\N
1983	78.00	6.00	10	136	\N	23	14	\N
1987	81.00	9.00	13	136	\N	19	62	\N
1986	83.00	11.00	14	136	\N	38	12	\N
1985	83.00	11.00	14	136	\N	5	33	\N
1994	66.00	-6.00	3	137	85	6	40	59
1995	67.00	-5.00	6	137	18	35	14	45
1997	69.00	-3.00	7	137	11	3	8	46
1996	69.00	-3.00	7	137	62	32	4	12
1998	70.00	-2.00	9	137	15	21	34	31
1999	71.00	-1.00	10	137	38	29	47	44
2000	72.00	0.00	11	137	33	5	16	37
2001	74.00	2.00	12	137	20	19	23	50
1991	65.00	-7.00	1	137	77	68	42	52
1990	65.00	-7.00	1	137	10	82	9	22
2002	70.00	-2.00	1	138	\N	48	7	\N
2005	75.00	3.00	5	138	\N	40	113	\N
2003	73.00	1.00	2	138	\N	5	9	\N
2006	76.00	4.00	6	138	\N	3	2	\N
2007	76.00	4.00	6	138	\N	45	179	\N
2004	74.00	2.00	3	138	\N	8	47	\N
2013	74.00	2.00	3	138	\N	4	30	\N
2008	77.00	5.00	8	138	\N	10	68	\N
2009	80.00	8.00	9	138	\N	16	6	\N
2010	81.00	9.00	10	138	\N	12	13	\N
2011	82.00	10.00	11	138	\N	32	84	\N
2012	83.00	11.00	12	138	\N	31	37	\N
2022	84.00	12.00	9	139	\N	10	11	\N
2021	83.00	11.00	8	139	\N	46	54	\N
2020	82.00	10.00	7	139	\N	22	13	\N
2019	80.00	8.00	6	139	\N	12	38	\N
2018	79.00	7.00	4	139	\N	6	18	\N
2017	79.00	7.00	4	139	\N	9	37	\N
2016	78.00	6.00	2	139	\N	14	3	\N
2015	78.00	6.00	2	139	\N	4	7	\N
2014	71.00	-1.00	1	139	\N	44	29	\N
2080	94.00	22.00	10	146	\N	25	\N	\N
2052	69.00	-3.00	1	144	\N	9	26	\N
2023	70.00	-2.00	1	140	\N	14	8	\N
2024	71.00	-1.00	2	140	\N	6	9	\N
2025	77.00	5.00	3	140	\N	21	18	\N
2026	81.00	9.00	4	140	\N	23	28	\N
2027	82.00	10.00	5	140	\N	3	11	\N
2053	72.00	0.00	2	144	\N	248	2	\N
2045	65.00	-7.00	1	143	\N	19	49	50
2046	66.00	-6.00	2	143	\N	8	18	3
2047	68.00	-4.00	3	143	\N	28	4	73
2048	68.00	-4.00	3	143	\N	59	127	40
2049	69.00	-3.00	5	143	\N	11	25	13
2050	71.00	-1.00	6	143	\N	5	16	75
2051	74.00	2.00	7	143	\N	6	2	85
2054	73.00	1.00	3	144	\N	3	4	\N
2057	74.00	2.00	4	144	\N	63	54	\N
2028	68.00	-4.00	1	141	\N	9	6	\N
2029	70.00	-2.00	2	141	\N	122	8	\N
2030	71.00	-1.00	3	141	\N	5	3	\N
2031	74.00	2.00	4	141	\N	26	2	\N
2032	75.00	3.00	5	141	\N	11	4	\N
2033	77.00	5.00	6	141	\N	21	23	\N
2034	83.00	11.00	7	141	\N	54	63	\N
2035	69.00	-3.00	1	142	\N	9	6	\N
2036	71.00	-1.00	2	142	\N	35	21	\N
2037	77.00	5.00	3	142	\N	89	3	\N
2038	79.00	7.00	4	142	\N	246	23	\N
2039	81.00	9.00	5	142	\N	37	247	\N
2040	83.00	11.00	6	142	\N	4	73	\N
2042	83.00	11.00	6	142	\N	248	2	\N
2041	83.00	11.00	6	142	\N	5	18	\N
2043	85.00	13.00	9	142	\N	14	11	\N
2055	74.00	2.00	4	144	\N	6	45	\N
2056	74.00	2.00	4	144	\N	8	5	\N
2058	78.00	6.00	7	144	\N	60	247	\N
2044	93.00	21.00	10	142	\N	249	71	\N
2059	84.00	12.00	8	144	\N	89	11	\N
2079	94.00	22.00	10	146	\N	58	\N	\N
2093	116.00	44.00	24	146	\N	11	\N	\N
2060	70.00	-2.00	1	145	\N	90	8	\N
2061	71.00	-1.00	2	145	\N	2	9	\N
2063	75.00	3.00	3	145	\N	3	11	\N
2062	75.00	3.00	3	145	\N	14	5	\N
2064	77.00	5.00	5	145	\N	6	4	\N
2065	81.00	9.00	6	145	\N	59	48	\N
2066	83.00	11.00	7	145	\N	250	89	\N
2067	86.00	14.00	8	145	\N	52	22	\N
2068	87.00	15.00	9	145	\N	40	209	\N
2081	94.00	22.00	10	146	\N	79	\N	\N
2083	95.00	23.00	13	146	\N	90	\N	\N
2084	95.00	23.00	13	146	\N	3	\N	\N
2069	83.00	11.00	1	146	\N	8	\N	\N
2085	95.00	23.00	13	146	\N	37	\N	\N
2082	95.00	23.00	13	146	\N	252	\N	\N
2099	78.00	6.00	6	147	\N	254	92	\N
2071	86.00	14.00	2	146	\N	9	\N	\N
2072	90.00	18.00	3	146	\N	251	\N	\N
2075	91.00	19.00	4	146	\N	46	\N	\N
2086	96.00	24.00	17	146	\N	48	\N	\N
2074	91.00	19.00	4	146	\N	4	\N	\N
2073	91.00	19.00	4	146	\N	77	\N	\N
2076	92.00	20.00	7	146	\N	6	\N	\N
2077	92.00	20.00	7	146	\N	35	\N	\N
2078	93.00	21.00	9	146	\N	21	\N	\N
2087	97.00	25.00	18	146	\N	13	\N	\N
2088	101.00	29.00	19	146	\N	23	\N	\N
2089	101.00	29.00	19	146	\N	28	\N	\N
2091	103.00	31.00	21	146	\N	63	\N	\N
2097	75.00	3.00	4	147	\N	13	3	\N
2090	103.00	31.00	21	146	\N	40	\N	\N
2092	112.00	40.00	23	146	\N	89	\N	\N
2100	78.00	6.00	6	147	\N	255	256	\N
2102	79.00	7.00	9	147	\N	21	11	\N
2095	73.00	1.00	2	147	\N	26	2	\N
2094	69.00	-3.00	1	147	\N	59	9	\N
2101	78.00	6.00	6	147	\N	58	7	\N
2096	74.00	2.00	3	147	\N	37	253	\N
2098	75.00	3.00	4	147	\N	8	6	\N
2108	80.00	8.00	6	148	\N	5	16	\N
2107	79.00	7.00	5	148	\N	4	2	\N
2106	77.00	5.00	3	148	\N	63	54	\N
2105	77.00	5.00	3	148	\N	3	6	\N
2104	76.00	4.00	1	148	\N	18	100	\N
2103	76.00	4.00	1	148	\N	21	91	\N
2112	65.00	-7.00	2	149	5	3	4	21
2109	56.00	-16.00	1	149	35	9	8	257
2113	65.00	-7.00	2	149	77	59	48	13
2114	65.00	-7.00	2	149	248	6	2	68
2115	67.00	-5.00	5	149	259	37	23	258
2116	69.00	-3.00	6	149	260	14	11	18
2121	76.00	4.00	5	150	\N	4	37	\N
2124	83.00	11.00	8	150	\N	44	29	\N
2125	85.00	13.00	9	150	\N	262	197	\N
2168	89.00	17.00	7	154	\N	21	\N	\N
2167	89.00	17.00	7	154	\N	5	\N	\N
2169	91.00	19.00	9	154	\N	45	\N	\N
2170	91.00	19.00	9	154	\N	49	\N	\N
2149	72.00	0.00	2	152	\N	13	77	\N
2150	73.00	1.00	3	152	\N	35	264	\N
2151	76.00	4.00	4	152	\N	58	4	\N
2152	81.00	9.00	5	152	\N	5	16	\N
2153	83.00	11.00	6	152	\N	265	3	\N
2154	69.00	-3.00	1	153	\N	3	21	\N
2155	70.00	-2.00	2	153	\N	11	18	\N
2126	77.00	5.00	1	151	\N	9	\N	\N
2127	82.00	10.00	2	151	\N	4	\N	\N
2128	84.00	12.00	3	151	\N	46	\N	\N
2129	85.00	13.00	4	151	\N	21	\N	\N
2130	86.00	14.00	5	151	\N	8	\N	\N
2131	89.00	17.00	6	151	\N	26	\N	\N
2132	89.00	17.00	6	151	\N	6	\N	\N
2133	89.00	17.00	6	151	\N	25	\N	\N
2134	94.00	22.00	9	151	\N	91	\N	\N
2147	96.00	24.00	10	151	\N	19	\N	\N
2135	96.00	24.00	10	151	\N	14	\N	\N
2137	97.00	25.00	12	151	\N	263	\N	\N
2136	97.00	25.00	12	151	\N	50	\N	\N
2138	99.00	27.00	14	151	\N	29	\N	\N
2139	99.00	27.00	14	151	\N	11	\N	\N
2156	71.00	-1.00	3	153	\N	266	52	\N
2157	73.00	1.00	4	153	\N	59	6	\N
2158	73.00	1.00	4	153	\N	267	8	\N
2159	76.00	4.00	6	153	\N	197	25	\N
2160	77.00	5.00	7	153	\N	63	54	\N
2140	99.00	27.00	14	151	\N	28	\N	\N
2141	100.00	28.00	17	151	\N	95	\N	\N
2143	101.00	29.00	18	151	\N	5	\N	\N
2142	101.00	29.00	18	151	\N	55	\N	\N
2144	105.00	33.00	20	151	\N	2	\N	\N
2145	106.00	34.00	21	151	\N	3	\N	\N
2146	126.00	54.00	22	151	\N	73	\N	\N
2171	94.00	22.00	11	154	\N	8	\N	\N
2186	120.00	48.00	26	154	\N	23	\N	\N
2187	121.00	49.00	27	154	\N	7	\N	\N
2190	73.00	1.00	3	155	\N	21	35	\N
2172	97.00	25.00	12	154	\N	48	\N	\N
2173	98.00	26.00	13	154	\N	29	\N	\N
2175	98.00	26.00	13	154	\N	52	\N	\N
2174	98.00	26.00	13	154	\N	13	\N	\N
2176	100.00	28.00	16	154	\N	28	\N	\N
2178	101.00	29.00	17	154	\N	268	\N	\N
2192	74.00	2.00	5	155	\N	8	2	\N
2193	78.00	6.00	6	155	\N	131	6	\N
2161	79.00	7.00	1	154	\N	35	\N	\N
2177	101.00	29.00	17	154	\N	58	\N	\N
2179	102.00	30.00	19	154	\N	37	\N	\N
2162	85.00	13.00	2	154	\N	3	\N	\N
2180	103.00	31.00	20	154	\N	269	\N	\N
2165	86.00	14.00	3	154	\N	266	\N	\N
2182	106.00	34.00	21	154	\N	19	\N	\N
2181	106.00	34.00	21	154	\N	59	\N	\N
2164	86.00	14.00	3	154	\N	9	\N	\N
2163	86.00	14.00	3	154	\N	4	\N	\N
2183	111.00	39.00	23	154	\N	63	\N	\N
2194	79.00	7.00	7	155	\N	22	59	\N
2166	87.00	15.00	6	154	\N	6	\N	\N
2184	114.00	42.00	24	154	\N	14	\N	\N
2185	115.00	43.00	25	154	\N	11	\N	\N
2188	70.00	-2.00	1	155	\N	3	46	\N
2189	71.00	-1.00	2	155	\N	48	4	\N
2191	73.00	1.00	3	155	\N	9	\N	\N
2203	73.00	1.00	3	156	\N	26	7	\N
2204	74.00	2.00	4	156	\N	223	58	\N
2195	66.00	-6.00	1	156	\N	6	9	\N
2196	72.00	0.00	2	156	\N	13	25	\N
2198	75.00	3.00	5	156	\N	59	3	\N
2199	78.00	6.00	6	156	\N	4	44	\N
2200	82.00	10.00	7	156	\N	43	5	\N
2201	82.00	10.00	7	156	\N	21	67	\N
2202	88.00	16.00	9	156	\N	18	11	\N
2213	88.00	16.00	9	157	\N	40	\N	\N
2212	87.00	15.00	8	157	\N	6	\N	\N
2211	86.00	14.00	7	157	\N	59	\N	\N
2210	85.00	13.00	6	157	\N	4	\N	\N
2209	84.00	12.00	4	157	\N	112	\N	\N
2208	84.00	12.00	4	157	\N	3	\N	\N
2148	69.00	-3.00	1	152	\N	11	8	\N
2240	74.00	2.00	1	159	\N	14	44	\N
2241	76.00	4.00	2	159	\N	2	48	\N
2242	77.00	5.00	3	159	\N	21	67	\N
2228	68.00	-4.00	1	158	\N	111	112	\N
2229	69.00	-3.00	2	158	\N	9	58	\N
2230	70.00	-2.00	3	158	\N	8	25	\N
2231	74.00	2.00	4	158	\N	4	13	\N
2239	75.00	3.00	5	158	\N	48	3	\N
2232	77.00	5.00	6	158	\N	21	6	\N
2233	80.00	8.00	7	158	\N	55	229	\N
2234	83.00	11.00	8	158	\N	44	28	\N
2235	84.00	12.00	9	158	\N	26	\N	\N
2236	88.00	16.00	10	158	\N	5	16	\N
2237	95.00	23.00	11	158	\N	227	43	\N
2238	97.00	25.00	12	158	\N	66	225	\N
2243	77.00	5.00	3	159	\N	5	11	\N
2244	79.00	7.00	5	159	\N	5	16	\N
2245	81.00	9.00	6	159	\N	228	229	\N
2246	92.00	20.00	7	159	\N	18	75	\N
2205	73.00	1.00	1	157	\N	9	\N	\N
2206	76.00	4.00	2	157	\N	270	\N	\N
2207	82.00	10.00	3	157	\N	8	\N	\N
2214	89.00	17.00	10	157	\N	48	\N	\N
2215	92.00	20.00	11	157	\N	58	\N	\N
2216	93.00	21.00	12	157	\N	5	\N	\N
2217	95.00	23.00	13	157	\N	111	\N	\N
2218	96.00	24.00	14	157	\N	37	\N	\N
2219	96.00	24.00	14	157	\N	258	\N	\N
2220	98.00	26.00	16	157	\N	11	\N	\N
2221	99.00	27.00	17	157	\N	52	\N	\N
2223	101.00	29.00	18	157	\N	2	\N	\N
2222	101.00	29.00	18	157	\N	16	\N	\N
2224	102.00	30.00	20	157	\N	14	\N	\N
2225	104.00	32.00	21	157	\N	23	\N	\N
2226	109.00	37.00	22	157	\N	271	\N	\N
2227	114.00	42.00	23	157	\N	272	\N	\N
2247	61.00	-11.00	1	160	14	8	90	11
2248	62.00	-10.00	2	160	10	9	7	45
2249	64.00	-8.00	3	160	13	23	3	59
2250	64.00	-8.00	3	160	\N	61	112	273
2251	66.00	-6.00	5	160	43	21	48	25
2253	66.00	-6.00	5	160	2	6	266	52
2252	68.00	-4.00	7	160	18	5	40	58
2254	72.00	0.00	8	160	44	4	37	16
2255	75.00	3.00	1	161	\N	3	37	\N
2256	77.00	5.00	2	161	\N	18	4	\N
2257	77.00	5.00	2	161	\N	21	91	\N
2258	79.00	7.00	4	161	\N	8	11	\N
2259	83.00	11.00	5	161	\N	28	19	\N
\.


--
-- Name: auth_group_id_seq; Type: SEQUENCE SET; Schema: public; Owner: bgaapp
--

SELECT pg_catalog.setval('public.auth_group_id_seq', 1, false);


--
-- Name: auth_group_permissions_id_seq; Type: SEQUENCE SET; Schema: public; Owner: bgaapp
--

SELECT pg_catalog.setval('public.auth_group_permissions_id_seq', 1, false);


--
-- Name: auth_permission_id_seq; Type: SEQUENCE SET; Schema: public; Owner: bgaapp
--

SELECT pg_catalog.setval('public.auth_permission_id_seq', 36, true);


--
-- Name: auth_user_groups_id_seq; Type: SEQUENCE SET; Schema: public; Owner: bgaapp
--

SELECT pg_catalog.setval('public.auth_user_groups_id_seq', 1, false);


--
-- Name: auth_user_id_seq; Type: SEQUENCE SET; Schema: public; Owner: bgaapp
--

SELECT pg_catalog.setval('public.auth_user_id_seq', 1, true);


--
-- Name: auth_user_user_permissions_id_seq; Type: SEQUENCE SET; Schema: public; Owner: bgaapp
--

SELECT pg_catalog.setval('public.auth_user_user_permissions_id_seq', 1, false);


--
-- Name: django_admin_log_id_seq; Type: SEQUENCE SET; Schema: public; Owner: bgaapp
--

SELECT pg_catalog.setval('public.django_admin_log_id_seq', 494, true);


--
-- Name: django_content_type_id_seq; Type: SEQUENCE SET; Schema: public; Owner: bgaapp
--

SELECT pg_catalog.setval('public.django_content_type_id_seq', 9, true);


--
-- Name: django_migrations_id_seq; Type: SEQUENCE SET; Schema: public; Owner: bgaapp
--

SELECT pg_catalog.setval('public.django_migrations_id_seq', 23, true);


--
-- Name: players_player_id_seq; Type: SEQUENCE SET; Schema: public; Owner: bgaapp
--

SELECT pg_catalog.setval('public.players_player_id_seq', 273, true);


--
-- Name: results_event_id_seq; Type: SEQUENCE SET; Schema: public; Owner: bgaapp
--

SELECT pg_catalog.setval('public.results_event_id_seq', 161, true);


--
-- Name: results_score_id_seq; Type: SEQUENCE SET; Schema: public; Owner: bgaapp
--

SELECT pg_catalog.setval('public.results_score_id_seq', 2259, true);


--
-- Name: auth_group auth_group_name_key; Type: CONSTRAINT; Schema: public; Owner: bgaapp
--

ALTER TABLE ONLY public.auth_group
    ADD CONSTRAINT auth_group_name_key UNIQUE (name);


--
-- Name: auth_group_permissions auth_group_permissions_group_id_permission_id_0cd325b0_uniq; Type: CONSTRAINT; Schema: public; Owner: bgaapp
--

ALTER TABLE ONLY public.auth_group_permissions
    ADD CONSTRAINT auth_group_permissions_group_id_permission_id_0cd325b0_uniq UNIQUE (group_id, permission_id);


--
-- Name: auth_group_permissions auth_group_permissions_pkey; Type: CONSTRAINT; Schema: public; Owner: bgaapp
--

ALTER TABLE ONLY public.auth_group_permissions
    ADD CONSTRAINT auth_group_permissions_pkey PRIMARY KEY (id);


--
-- Name: auth_group auth_group_pkey; Type: CONSTRAINT; Schema: public; Owner: bgaapp
--

ALTER TABLE ONLY public.auth_group
    ADD CONSTRAINT auth_group_pkey PRIMARY KEY (id);


--
-- Name: auth_permission auth_permission_content_type_id_codename_01ab375a_uniq; Type: CONSTRAINT; Schema: public; Owner: bgaapp
--

ALTER TABLE ONLY public.auth_permission
    ADD CONSTRAINT auth_permission_content_type_id_codename_01ab375a_uniq UNIQUE (content_type_id, codename);


--
-- Name: auth_permission auth_permission_pkey; Type: CONSTRAINT; Schema: public; Owner: bgaapp
--

ALTER TABLE ONLY public.auth_permission
    ADD CONSTRAINT auth_permission_pkey PRIMARY KEY (id);


--
-- Name: auth_user_groups auth_user_groups_pkey; Type: CONSTRAINT; Schema: public; Owner: bgaapp
--

ALTER TABLE ONLY public.auth_user_groups
    ADD CONSTRAINT auth_user_groups_pkey PRIMARY KEY (id);


--
-- Name: auth_user_groups auth_user_groups_user_id_group_id_94350c0c_uniq; Type: CONSTRAINT; Schema: public; Owner: bgaapp
--

ALTER TABLE ONLY public.auth_user_groups
    ADD CONSTRAINT auth_user_groups_user_id_group_id_94350c0c_uniq UNIQUE (user_id, group_id);


--
-- Name: auth_user auth_user_pkey; Type: CONSTRAINT; Schema: public; Owner: bgaapp
--

ALTER TABLE ONLY public.auth_user
    ADD CONSTRAINT auth_user_pkey PRIMARY KEY (id);


--
-- Name: auth_user_user_permissions auth_user_user_permissions_pkey; Type: CONSTRAINT; Schema: public; Owner: bgaapp
--

ALTER TABLE ONLY public.auth_user_user_permissions
    ADD CONSTRAINT auth_user_user_permissions_pkey PRIMARY KEY (id);


--
-- Name: auth_user_user_permissions auth_user_user_permissions_user_id_permission_id_14a6b632_uniq; Type: CONSTRAINT; Schema: public; Owner: bgaapp
--

ALTER TABLE ONLY public.auth_user_user_permissions
    ADD CONSTRAINT auth_user_user_permissions_user_id_permission_id_14a6b632_uniq UNIQUE (user_id, permission_id);


--
-- Name: auth_user auth_user_username_key; Type: CONSTRAINT; Schema: public; Owner: bgaapp
--

ALTER TABLE ONLY public.auth_user
    ADD CONSTRAINT auth_user_username_key UNIQUE (username);


--
-- Name: django_admin_log django_admin_log_pkey; Type: CONSTRAINT; Schema: public; Owner: bgaapp
--

ALTER TABLE ONLY public.django_admin_log
    ADD CONSTRAINT django_admin_log_pkey PRIMARY KEY (id);


--
-- Name: django_content_type django_content_type_app_label_model_76bd3d3b_uniq; Type: CONSTRAINT; Schema: public; Owner: bgaapp
--

ALTER TABLE ONLY public.django_content_type
    ADD CONSTRAINT django_content_type_app_label_model_76bd3d3b_uniq UNIQUE (app_label, model);


--
-- Name: django_content_type django_content_type_pkey; Type: CONSTRAINT; Schema: public; Owner: bgaapp
--

ALTER TABLE ONLY public.django_content_type
    ADD CONSTRAINT django_content_type_pkey PRIMARY KEY (id);


--
-- Name: django_migrations django_migrations_pkey; Type: CONSTRAINT; Schema: public; Owner: bgaapp
--

ALTER TABLE ONLY public.django_migrations
    ADD CONSTRAINT django_migrations_pkey PRIMARY KEY (id);


--
-- Name: django_session django_session_pkey; Type: CONSTRAINT; Schema: public; Owner: bgaapp
--

ALTER TABLE ONLY public.django_session
    ADD CONSTRAINT django_session_pkey PRIMARY KEY (session_key);


--
-- Name: players_player players_player_pkey; Type: CONSTRAINT; Schema: public; Owner: bgaapp
--

ALTER TABLE ONLY public.players_player
    ADD CONSTRAINT players_player_pkey PRIMARY KEY (id);


--
-- Name: results_event results_event_pkey; Type: CONSTRAINT; Schema: public; Owner: bgaapp
--

ALTER TABLE ONLY public.results_event
    ADD CONSTRAINT results_event_pkey PRIMARY KEY (id);


--
-- Name: results_score results_score_pkey; Type: CONSTRAINT; Schema: public; Owner: bgaapp
--

ALTER TABLE ONLY public.results_score
    ADD CONSTRAINT results_score_pkey PRIMARY KEY (id);


--
-- Name: auth_group_name_a6ea08ec_like; Type: INDEX; Schema: public; Owner: bgaapp
--

CREATE INDEX auth_group_name_a6ea08ec_like ON public.auth_group USING btree (name varchar_pattern_ops);


--
-- Name: auth_group_permissions_group_id_b120cbf9; Type: INDEX; Schema: public; Owner: bgaapp
--

CREATE INDEX auth_group_permissions_group_id_b120cbf9 ON public.auth_group_permissions USING btree (group_id);


--
-- Name: auth_group_permissions_permission_id_84c5c92e; Type: INDEX; Schema: public; Owner: bgaapp
--

CREATE INDEX auth_group_permissions_permission_id_84c5c92e ON public.auth_group_permissions USING btree (permission_id);


--
-- Name: auth_permission_content_type_id_2f476e4b; Type: INDEX; Schema: public; Owner: bgaapp
--

CREATE INDEX auth_permission_content_type_id_2f476e4b ON public.auth_permission USING btree (content_type_id);


--
-- Name: auth_user_groups_group_id_97559544; Type: INDEX; Schema: public; Owner: bgaapp
--

CREATE INDEX auth_user_groups_group_id_97559544 ON public.auth_user_groups USING btree (group_id);


--
-- Name: auth_user_groups_user_id_6a12ed8b; Type: INDEX; Schema: public; Owner: bgaapp
--

CREATE INDEX auth_user_groups_user_id_6a12ed8b ON public.auth_user_groups USING btree (user_id);


--
-- Name: auth_user_user_permissions_permission_id_1fbb5f2c; Type: INDEX; Schema: public; Owner: bgaapp
--

CREATE INDEX auth_user_user_permissions_permission_id_1fbb5f2c ON public.auth_user_user_permissions USING btree (permission_id);


--
-- Name: auth_user_user_permissions_user_id_a95ead1b; Type: INDEX; Schema: public; Owner: bgaapp
--

CREATE INDEX auth_user_user_permissions_user_id_a95ead1b ON public.auth_user_user_permissions USING btree (user_id);


--
-- Name: auth_user_username_6821ab7c_like; Type: INDEX; Schema: public; Owner: bgaapp
--

CREATE INDEX auth_user_username_6821ab7c_like ON public.auth_user USING btree (username varchar_pattern_ops);


--
-- Name: django_admin_log_content_type_id_c4bce8eb; Type: INDEX; Schema: public; Owner: bgaapp
--

CREATE INDEX django_admin_log_content_type_id_c4bce8eb ON public.django_admin_log USING btree (content_type_id);


--
-- Name: django_admin_log_user_id_c564eba6; Type: INDEX; Schema: public; Owner: bgaapp
--

CREATE INDEX django_admin_log_user_id_c564eba6 ON public.django_admin_log USING btree (user_id);


--
-- Name: django_session_expire_date_a5c62663; Type: INDEX; Schema: public; Owner: bgaapp
--

CREATE INDEX django_session_expire_date_a5c62663 ON public.django_session USING btree (expire_date);


--
-- Name: django_session_session_key_c0390e0f_like; Type: INDEX; Schema: public; Owner: bgaapp
--

CREATE INDEX django_session_session_key_c0390e0f_like ON public.django_session USING btree (session_key varchar_pattern_ops);


--
-- Name: results_score_event_id_51948587; Type: INDEX; Schema: public; Owner: bgaapp
--

CREATE INDEX results_score_event_id_51948587 ON public.results_score USING btree (event_id);


--
-- Name: results_score_fourth_player_id_37a37dcf; Type: INDEX; Schema: public; Owner: bgaapp
--

CREATE INDEX results_score_fourth_player_id_37a37dcf ON public.results_score USING btree (fourth_player_id);


--
-- Name: results_score_placement_23634403; Type: INDEX; Schema: public; Owner: bgaapp
--

CREATE INDEX results_score_placement_23634403 ON public.results_score USING btree (placement);


--
-- Name: results_score_placement_23634403_like; Type: INDEX; Schema: public; Owner: bgaapp
--

CREATE INDEX results_score_placement_23634403_like ON public.results_score USING btree (placement varchar_pattern_ops);


--
-- Name: results_score_player_id_754141fa; Type: INDEX; Schema: public; Owner: bgaapp
--

CREATE INDEX results_score_player_id_754141fa ON public.results_score USING btree (player_id);


--
-- Name: results_score_teammate_id_67754242; Type: INDEX; Schema: public; Owner: bgaapp
--

CREATE INDEX results_score_teammate_id_67754242 ON public.results_score USING btree (teammate_id);


--
-- Name: results_score_third_player_id_ac4353ed; Type: INDEX; Schema: public; Owner: bgaapp
--

CREATE INDEX results_score_third_player_id_ac4353ed ON public.results_score USING btree (third_player_id);


--
-- Name: auth_group_permissions auth_group_permissio_permission_id_84c5c92e_fk_auth_perm; Type: FK CONSTRAINT; Schema: public; Owner: bgaapp
--

ALTER TABLE ONLY public.auth_group_permissions
    ADD CONSTRAINT auth_group_permissio_permission_id_84c5c92e_fk_auth_perm FOREIGN KEY (permission_id) REFERENCES public.auth_permission(id) DEFERRABLE INITIALLY DEFERRED;


--
-- Name: auth_group_permissions auth_group_permissions_group_id_b120cbf9_fk_auth_group_id; Type: FK CONSTRAINT; Schema: public; Owner: bgaapp
--

ALTER TABLE ONLY public.auth_group_permissions
    ADD CONSTRAINT auth_group_permissions_group_id_b120cbf9_fk_auth_group_id FOREIGN KEY (group_id) REFERENCES public.auth_group(id) DEFERRABLE INITIALLY DEFERRED;


--
-- Name: auth_permission auth_permission_content_type_id_2f476e4b_fk_django_co; Type: FK CONSTRAINT; Schema: public; Owner: bgaapp
--

ALTER TABLE ONLY public.auth_permission
    ADD CONSTRAINT auth_permission_content_type_id_2f476e4b_fk_django_co FOREIGN KEY (content_type_id) REFERENCES public.django_content_type(id) DEFERRABLE INITIALLY DEFERRED;


--
-- Name: auth_user_groups auth_user_groups_group_id_97559544_fk_auth_group_id; Type: FK CONSTRAINT; Schema: public; Owner: bgaapp
--

ALTER TABLE ONLY public.auth_user_groups
    ADD CONSTRAINT auth_user_groups_group_id_97559544_fk_auth_group_id FOREIGN KEY (group_id) REFERENCES public.auth_group(id) DEFERRABLE INITIALLY DEFERRED;


--
-- Name: auth_user_groups auth_user_groups_user_id_6a12ed8b_fk_auth_user_id; Type: FK CONSTRAINT; Schema: public; Owner: bgaapp
--

ALTER TABLE ONLY public.auth_user_groups
    ADD CONSTRAINT auth_user_groups_user_id_6a12ed8b_fk_auth_user_id FOREIGN KEY (user_id) REFERENCES public.auth_user(id) DEFERRABLE INITIALLY DEFERRED;


--
-- Name: auth_user_user_permissions auth_user_user_permi_permission_id_1fbb5f2c_fk_auth_perm; Type: FK CONSTRAINT; Schema: public; Owner: bgaapp
--

ALTER TABLE ONLY public.auth_user_user_permissions
    ADD CONSTRAINT auth_user_user_permi_permission_id_1fbb5f2c_fk_auth_perm FOREIGN KEY (permission_id) REFERENCES public.auth_permission(id) DEFERRABLE INITIALLY DEFERRED;


--
-- Name: auth_user_user_permissions auth_user_user_permissions_user_id_a95ead1b_fk_auth_user_id; Type: FK CONSTRAINT; Schema: public; Owner: bgaapp
--

ALTER TABLE ONLY public.auth_user_user_permissions
    ADD CONSTRAINT auth_user_user_permissions_user_id_a95ead1b_fk_auth_user_id FOREIGN KEY (user_id) REFERENCES public.auth_user(id) DEFERRABLE INITIALLY DEFERRED;


--
-- Name: django_admin_log django_admin_log_content_type_id_c4bce8eb_fk_django_co; Type: FK CONSTRAINT; Schema: public; Owner: bgaapp
--

ALTER TABLE ONLY public.django_admin_log
    ADD CONSTRAINT django_admin_log_content_type_id_c4bce8eb_fk_django_co FOREIGN KEY (content_type_id) REFERENCES public.django_content_type(id) DEFERRABLE INITIALLY DEFERRED;


--
-- Name: django_admin_log django_admin_log_user_id_c564eba6_fk_auth_user_id; Type: FK CONSTRAINT; Schema: public; Owner: bgaapp
--

ALTER TABLE ONLY public.django_admin_log
    ADD CONSTRAINT django_admin_log_user_id_c564eba6_fk_auth_user_id FOREIGN KEY (user_id) REFERENCES public.auth_user(id) DEFERRABLE INITIALLY DEFERRED;


--
-- Name: results_score results_score_event_id_51948587_fk_results_event_id; Type: FK CONSTRAINT; Schema: public; Owner: bgaapp
--

ALTER TABLE ONLY public.results_score
    ADD CONSTRAINT results_score_event_id_51948587_fk_results_event_id FOREIGN KEY (event_id) REFERENCES public.results_event(id) DEFERRABLE INITIALLY DEFERRED;


--
-- Name: results_score results_score_fourth_player_id_37a37dcf_fk_players_player_id; Type: FK CONSTRAINT; Schema: public; Owner: bgaapp
--

ALTER TABLE ONLY public.results_score
    ADD CONSTRAINT results_score_fourth_player_id_37a37dcf_fk_players_player_id FOREIGN KEY (fourth_player_id) REFERENCES public.players_player(id) DEFERRABLE INITIALLY DEFERRED;


--
-- Name: results_score results_score_player_id_754141fa_fk_players_player_id; Type: FK CONSTRAINT; Schema: public; Owner: bgaapp
--

ALTER TABLE ONLY public.results_score
    ADD CONSTRAINT results_score_player_id_754141fa_fk_players_player_id FOREIGN KEY (player_id) REFERENCES public.players_player(id) DEFERRABLE INITIALLY DEFERRED;


--
-- Name: results_score results_score_teammate_id_67754242_fk_players_player_id; Type: FK CONSTRAINT; Schema: public; Owner: bgaapp
--

ALTER TABLE ONLY public.results_score
    ADD CONSTRAINT results_score_teammate_id_67754242_fk_players_player_id FOREIGN KEY (teammate_id) REFERENCES public.players_player(id) DEFERRABLE INITIALLY DEFERRED;


--
-- Name: results_score results_score_third_player_id_ac4353ed_fk_players_player_id; Type: FK CONSTRAINT; Schema: public; Owner: bgaapp
--

ALTER TABLE ONLY public.results_score
    ADD CONSTRAINT results_score_third_player_id_ac4353ed_fk_players_player_id FOREIGN KEY (third_player_id) REFERENCES public.players_player(id) DEFERRABLE INITIALLY DEFERRED;


--
-- Name: SCHEMA public; Type: ACL; Schema: -; Owner: pg_database_owner
--

REVOKE USAGE ON SCHEMA public FROM PUBLIC;
GRANT ALL ON SCHEMA public TO PUBLIC;


--
-- PostgreSQL database dump complete
--

\unrestrict 4pw9ITEj3uJv3JbGA22B5mfHny4nFDvwXKVLeYRtLgOZZrXZypc2PePNnIpbCuH

